,PAPI_BR_CN,PAPI_BR_CN,PAPI_BR_CN,PAPI_BR_INS,PAPI_BR_INS,PAPI_BR_INS,PAPI_BR_MSP,PAPI_BR_MSP,PAPI_BR_MSP,PAPI_BR_NTK,PAPI_BR_NTK,PAPI_BR_NTK,PAPI_BR_PRC,PAPI_BR_PRC,PAPI_BR_PRC,PAPI_BR_TKN,PAPI_BR_TKN,PAPI_BR_TKN,PAPI_BR_UCN,PAPI_BR_UCN,PAPI_BR_UCN,PAPI_CA_CLN,PAPI_CA_CLN,PAPI_CA_CLN,PAPI_CA_ITV,PAPI_CA_ITV,PAPI_CA_ITV,PAPI_CA_SHR,PAPI_CA_SHR,PAPI_CA_SHR,PAPI_CA_SNP,PAPI_CA_SNP,PAPI_CA_SNP,PAPI_DP_OPS,PAPI_DP_OPS,PAPI_DP_OPS,PAPI_FUL_CCY,PAPI_FUL_CCY,PAPI_FUL_CCY,PAPI_FUL_ICY,PAPI_FUL_ICY,PAPI_FUL_ICY,PAPI_L1_DCM,PAPI_L1_DCM,PAPI_L1_DCM,PAPI_L1_ICM,PAPI_L1_ICM,PAPI_L1_ICM,PAPI_L1_LDM,PAPI_L1_LDM,PAPI_L1_LDM,PAPI_L1_STM,PAPI_L1_STM,PAPI_L1_STM,PAPI_L1_TCM,PAPI_L1_TCM,PAPI_L1_TCM,PAPI_L2_DCA,PAPI_L2_DCA,PAPI_L2_DCA,PAPI_L2_DCM,PAPI_L2_DCM,PAPI_L2_DCM,PAPI_L2_DCR,PAPI_L2_DCR,PAPI_L2_DCR,PAPI_L2_DCW,PAPI_L2_DCW,PAPI_L2_DCW,PAPI_L2_ICA,PAPI_L2_ICA,PAPI_L2_ICA,PAPI_L2_ICH,PAPI_L2_ICH,PAPI_L2_ICH,PAPI_L2_ICM,PAPI_L2_ICM,PAPI_L2_ICM,PAPI_L2_ICR,PAPI_L2_ICR,PAPI_L2_ICR,PAPI_L2_LDM,PAPI_L2_LDM,PAPI_L2_LDM,PAPI_L2_STM,PAPI_L2_STM,PAPI_L2_STM,PAPI_L2_TCA,PAPI_L2_TCA,PAPI_L2_TCA,PAPI_L2_TCM,PAPI_L2_TCM,PAPI_L2_TCM,PAPI_L2_TCR,PAPI_L2_TCR,PAPI_L2_TCR,PAPI_L2_TCW,PAPI_L2_TCW,PAPI_L2_TCW,PAPI_L3_DCA,PAPI_L3_DCA,PAPI_L3_DCA,PAPI_L3_DCR,PAPI_L3_DCR,PAPI_L3_DCR,PAPI_L3_DCW,PAPI_L3_DCW,PAPI_L3_DCW,PAPI_L3_ICA,PAPI_L3_ICA,PAPI_L3_ICA,PAPI_L3_ICR,PAPI_L3_ICR,PAPI_L3_ICR,PAPI_L3_LDM,PAPI_L3_LDM,PAPI_L3_LDM,PAPI_L3_TCA,PAPI_L3_TCA,PAPI_L3_TCA,PAPI_L3_TCM,PAPI_L3_TCM,PAPI_L3_TCM,PAPI_L3_TCR,PAPI_L3_TCR,PAPI_L3_TCR,PAPI_L3_TCW,PAPI_L3_TCW,PAPI_L3_TCW,PAPI_LD_INS,PAPI_LD_INS,PAPI_LD_INS,PAPI_LST_INS,PAPI_LST_INS,PAPI_LST_INS,PAPI_MEM_WCY,PAPI_MEM_WCY,PAPI_MEM_WCY,PAPI_PRF_DM,PAPI_PRF_DM,PAPI_PRF_DM,PAPI_REF_CYC,PAPI_REF_CYC,PAPI_REF_CYC,PAPI_RES_STL,PAPI_RES_STL,PAPI_RES_STL,PAPI_SP_OPS,PAPI_SP_OPS,PAPI_SP_OPS,PAPI_SR_INS,PAPI_SR_INS,PAPI_SR_INS,PAPI_STL_CCY,PAPI_STL_CCY,PAPI_STL_CCY,PAPI_STL_ICY,PAPI_STL_ICY,PAPI_STL_ICY,PAPI_TLB_DM,PAPI_TLB_DM,PAPI_TLB_DM,PAPI_TLB_IM,PAPI_TLB_IM,PAPI_TLB_IM,PAPI_TOT_CYC,PAPI_TOT_CYC,PAPI_TOT_CYC,PAPI_TOT_INS,PAPI_TOT_INS,PAPI_TOT_INS,PAPI_VEC_DP,PAPI_VEC_DP,PAPI_VEC_DP,PAPI_VEC_SP,PAPI_VEC_SP,PAPI_VEC_SP
,1,2,3,1,2,3,1,2,3,1,2,3,1,2,3,1,2,3,1,2,3,1,2,3,1,2,3,1,2,3,1,2,3,1,2,3,1,2,3,1,2,3,1,2,3,1,2,3,1,2,3,1,2,3,1,2,3,1,2,3,1,2,3,1,2,3,1,2,3,1,2,3,1,2,3,1,2,3,1,2,3,1,2,3,1,2,3,1,2,3,1,2,3,1,2,3,1,2,3,1,2,3,1,2,3,1,2,3,1,2,3,1,2,3,1,2,3,1,2,3,1,2,3,1,2,3,1,2,3,1,2,3,1,2,3,1,2,3,1,2,3,1,2,3,1,2,3,1,2,3,1,2,3,1,2,3,1,2,3,1,2,3,1,2,3,1,2,3,1,2,3,1,2,3,1,2,3
0,1747,13144,70521,1921,15215,74589,63,10,1053,1244,12066,52115,1692,13156,69681,1261,9098,18399,165,2062,4059,27,278,376,810,490,1159,253,216,512,2273,683,1335,0,0,0,3652,16875,86598,1912,12351,90228,244,807,1516,424,217,331,635,223,422,54,547,1155,737,458,1265,594,792,1703,719,1659,3078,150,119,409,68,1008,1730,223988,30784,12954,979,115,317,829,185,347,1418,187,670,88,219,105,10,16,110,1224,1092,1996,1200,1734,3309,637,343,790,28,1056,1722,911,1671,3081,85,71,90,12,26,277,1989,152,271,1983,919,1131,25,5,1,1321,1816,3416,431,1137,2257,1191,1701,3183,18,15,176,2222,20341,101564,3294,33499,156924,0,1566,3122,2342,158,575,11454,28635,222689,2511,2789,28303,0,0,0,966,13151,55623,16832,16968,217849,7637,3890,23906,14,188,331,27,67,11,15455,23611,206926,10223,90185,406216,0,0,0,0,0,0
1,1775,13144,70521,1955,15705,74589,27,6,898,1262,12066,52115,1755,13145,69515,2400,9098,18399,171,2062,4059,6,101,385,173,311,1205,25,193,301,372,489,2528,0,0,0,3708,17165,88103,1585,12407,89252,144,769,1738,253,150,269,458,192,444,39,562,1201,444,347,1021,355,743,1614,209,1578,3792,126,119,338,68,1078,1754,3510,3969,9646,297,150,347,143,100,290,728,202,594,26,78,102,6,2,162,645,929,1800,292,1489,4140,427,230,390,56,1036,1694,298,1527,2895,15,42,71,2,18,288,828,53,213,1104,174,471,2,0,6,563,1489,3024,76,1052,2095,271,1517,2773,6,17,155,2252,20341,101294,3351,33499,156924,0,726,2635,729,46,398,4897,22493,188908,666,2044,32300,0,0,0,993,13151,55623,4710,14733,200455,851,467,20204,15,158,323,3,4,5,4777,22058,191528,10424,90185,406217,0,0,0,0,0,0
2,1777,13144,70521,1957,15215,75333,12,4,808,1262,12066,52115,1776,13146,69631,1218,9098,18399,171,2299,4059,3,74,314,128,318,1061,15,128,339,115,460,1254,0,0,0,1757,16946,89712,1563,11311,87197,120,779,1634,192,139,279,477,186,463,38,596,1273,348,346,688,255,644,1572,119,1485,2817,115,118,346,56,1144,1830,2460,2536,6398,445,133,332,29,101,274,650,452,691,13,62,260,1,3,173,1088,859,1787,129,1604,3029,334,175,397,36,1026,1760,160,1478,2953,1,47,71,7,17,256,251,99,238,565,194,452,0,1,0,204,2491,3017,94,1045,2170,183,1442,2782,6,21,156,2251,20341,101294,3400,35172,158447,0,528,23757,213,30,362,4067,23323,186086,372,3412,25131,0,0,0,993,13151,55623,3344,14495,174900,456,407,21016,0,164,325,0,2,79,3915,21745,200989,10424,91026,406216,0,0,0,0,0,0
3,1777,13144,70521,1957,15215,74589,10,2,731,1262,12111,52163,1778,13146,69738,1218,34938,18399,171,2062,4299,8,68,326,70,240,1148,17,101,277,88,537,1357,0,0,0,1837,17149,89442,1529,11298,87429,105,777,1479,200,134,274,429,286,682,37,504,1211,340,337,756,225,712,1549,170,1488,3026,116,178,509,68,1122,1802,2390,1614,6325,337,152,336,2037,63,301,586,213,882,14,60,88,7,1,148,370,887,1695,109,1479,2938,365,177,392,42,1102,1826,180,1553,2939,0,123,146,0,20,262,207,67,216,245,183,2848,0,0,0,268,1494,3511,38,993,2169,128,1421,2745,10,23,203,2252,20341,101294,3351,33499,156924,0,0,1796,212,49,346,3569,23157,190651,483,1858,21122,0,0,0,993,13151,55623,3217,14521,157976,430,322,19594,18,178,303,0,3,3,3860,22358,183486,10424,90185,407310,0,0,0,0,0,0
4,1775,13144,70600,2225,15215,74589,1,2,733,1261,12066,52115,1781,13146,69738,1218,9090,18399,171,2062,4059,24,68,387,70,237,1171,7,184,327,6957,584,1096,0,0,0,1799,17037,89333,1527,11274,86514,100,784,1475,194,151,332,415,181,468,40,525,1177,342,250,702,214,751,2190,109,1477,3038,118,109,413,56,1116,1776,1702,1610,6236,346,169,334,239,97,287,657,260,525,7,69,79,0,5,125,351,826,1707,104,1526,2932,365,276,373,44,1062,1786,111,1982,3260,1,59,80,4,20,299,139,575,411,199,161,560,0,0,0,141,1565,2992,131,1003,2607,126,1460,2751,6,21,218,2252,20341,101294,3351,33499,156924,0,948,1780,286,55,404,3901,23157,182351,289,3048,19606,0,0,0,993,13708,56237,3013,14655,173061,394,371,20288,14,181,327,0,2,0,3909,21949,205782,10424,90185,406216,0,0,0,0,0,0
5,1777,13144,70521,1957,15215,74589,3,2,707,1262,12066,52115,1777,13147,69803,1217,9138,18399,171,2062,4059,8,47,377,42,602,970,9,116,281,1170,430,1075,0,0,0,1795,17071,89115,1424,11343,85714,102,783,1470,217,302,214,449,183,478,36,549,1186,311,279,694,205,1232,1611,124,1555,2835,122,121,459,60,1108,1698,2823,2854,6047,318,128,351,147,108,536,1584,234,449,24,61,100,9,4,233,347,819,1722,99,1468,2991,301,195,349,70,970,1822,145,1490,2805,1,32,77,3,14,327,139,88,178,231,163,541,0,0,0,103,1499,3425,65,1324,2136,94,1461,2723,4,16,217,2251,20341,101294,3351,33499,156924,0,1638,30323,221,77,387,3818,21746,196378,443,2900,41915,0,0,0,993,13151,55623,3131,15872,188461,374,378,19648,0,176,322,0,3,0,3796,21544,192994,10424,90185,406216,0,0,0,0,0,0
6,1777,13223,70521,1957,15215,74589,2,11,715,1262,12066,52115,1781,13147,69829,1218,9098,18504,171,2062,4059,0,116,335,55,288,886,12,156,323,205,402,1271,0,0,0,1821,17033,89235,1520,11268,86073,98,761,1458,149,140,227,416,1183,496,42,562,1209,328,272,666,208,787,1528,110,1472,2879,113,117,378,60,1122,1842,1599,1416,5209,347,113,394,122,347,236,1295,246,605,20,55,73,6,26,238,340,818,2335,111,1513,2947,319,185,970,50,1164,1554,125,1465,2898,1,38,82,1,53,281,103,110,201,203,172,478,0,0,0,224,1414,3171,99,1049,2325,88,1400,3185,7,48,212,2252,20341,101294,3351,33499,156923,0,1233,21397,235,29,606,4150,23240,187497,425,2507,25045,0,0,0,993,13151,55623,3199,49788,176066,349,431,19263,20,158,358,0,3,0,3821,22505,190939,10424,90185,406216,0,0,0,0,0,0
7,1777,13144,70521,1955,15215,74589,1,4,660,1261,12066,52115,1781,13147,69901,1218,9098,18399,171,2062,4059,4,153,330,44,299,1232,11,163,681,85,457,1707,0,0,0,1800,17328,90397,1520,11278,86829,89,754,1472,184,135,248,401,205,455,42,579,1156,297,283,1178,208,672,1545,98,1513,3053,119,112,400,66,1072,1836,3503,1005,6021,388,122,388,80,106,216,279,208,728,29,41,133,0,9,156,341,818,1696,77,1503,3676,344,187,421,66,1088,1776,123,1450,2828,1,50,59,6,19,373,111,91,203,206,172,731,0,0,0,308,1469,3079,77,1098,2105,133,1470,2840,9,24,226,2252,20341,102607,3351,33499,156924,0,2084,1911,551,43,386,3735,23738,193971,553,2195,24711,0,0,0,993,13151,55623,5821,14232,162966,375,440,19527,0,178,306,0,1,0,3812,22921,192580,10418,90185,406216,0,0,37,0,0,0
8,1777,13144,70521,1957,15215,74745,1,2,651,1262,12066,52115,1777,13147,69844,1218,9195,18399,171,2062,4059,4,184,445,42,250,926,18,166,291,108,394,1185,0,0,37,1847,16941,90122,1502,11281,86269,97,757,1748,118,136,242,433,191,444,38,595,1212,330,255,709,206,761,1543,125,1491,3293,107,115,423,76,1090,1756,1695,1220,4924,366,153,537,53,115,216,243,144,719,11,38,207,4,11,63,344,798,1643,94,1464,2977,323,186,370,64,910,1844,145,1594,2889,0,54,56,5,47,365,126,119,192,194,349,2238,1,0,20,301,1498,2848,41,1012,2155,87,1820,2629,4,15,191,2251,20341,101294,3350,33499,156924,0,3127,1640,289,58,347,3818,24485,197374,328,63566,18197,0,0,0,993,13151,55623,3269,15833,163858,445,543,28185,16,190,363,0,1,0,3784,46778,195186,10424,90185,406216,0,0,0,0,0,0
9,1775,13144,70521,1957,15488,74862,1,2,642,1262,12066,52115,1780,13147,69846,1217,9098,18399,171,2062,4120,0,181,332,54,280,910,9,189,339,61,409,1169,0,0,0,1877,17278,89741,1546,11547,86062,98,753,1475,168,140,206,421,197,447,37,580,1207,320,268,670,214,732,1545,79,1455,2845,123,116,350,60,1090,1814,1598,756,3864,433,171,217,99,78,218,219,181,1359,11,42,181,0,10,48,322,1129,1690,78,1442,2888,331,187,352,66,1106,1794,86,1639,2941,1,45,64,5,20,348,141,74,184,223,205,472,0,0,1,321,1530,4522,80,991,2165,121,1465,2937,9,21,252,2252,20341,101294,3351,33499,157398,0,4761,1274,166,53,430,3569,23821,169320,352,15533,45563,0,0,0,993,13151,55623,3166,18800,188423,539,287,19768,3,184,311,0,1,0,3741,30754,180474,10424,90185,411802,0,0,0,0,0,0
10,1777,13144,70521,1957,15215,74589,2,2,641,1261,12066,52475,1781,13220,69840,1218,9098,18399,171,2062,4059,3,175,347,15,391,1063,13,502,420,64,470,1202,0,0,0,1953,16912,88484,1427,11293,86329,96,755,1521,143,145,178,438,187,535,39,529,1231,315,272,633,209,766,1764,101,1452,2883,125,107,519,66,1152,1842,2377,717,4282,353,123,127,87,51,213,232,203,403,15,38,170,5,10,57,347,873,1704,88,1454,2878,303,935,355,58,1110,1596,137,1482,3649,0,34,227,1,24,354,108,44,369,245,176,469,0,0,0,111,1456,2983,9,1030,2096,97,1469,2642,22,14,214,2252,20341,101294,3351,33499,156924,0,1091,24649,130,254,410,3901,23074,194967,516,3311,22078,0,0,0,993,13151,55805,3200,14581,165860,406,424,19664,15,177,337,1,0,0,4621,21095,177499,10418,90185,406216,0,37,0,0,0,0
11,1777,13144,71022,1957,15215,74589,1,2,1104,1262,12066,52115,1781,13147,69870,1218,29667,18399,171,2062,4059,7,221,337,32,323,1817,4,143,257,101,470,1120,0,0,0,1846,17158,89403,1538,11343,85778,92,754,1570,202,143,454,439,182,364,39,603,1203,323,589,693,238,766,1565,100,1501,2862,122,113,354,64,1110,1624,1662,719,2028,576,140,232,100,81,799,212,222,611,13,45,129,0,7,77,660,861,1700,106,1486,2969,306,261,605,60,1064,1720,107,1484,3004,1,56,113,6,17,357,153,91,183,764,369,460,0,0,2,196,1522,2972,104,1049,2243,83,1429,2662,7,22,214,2251,21281,101294,3351,33499,156924,0,3888,17843,181,72,380,3901,22410,174051,4681,2917,54001,0,0,0,993,13151,55623,3239,14208,176800,362,355,19268,13,163,349,0,0,0,4071,22180,178961,10424,90185,406216,0,0,0,0,0,0
12,1777,13144,70521,1957,15215,74589,1,2,762,1262,12066,52115,1777,13147,69856,1218,9090,18438,171,2062,4059,2,228,345,57,333,995,0,122,179,78,976,1176,0,0,0,2025,17613,88415,1568,11285,85833,99,845,1471,182,137,187,424,193,370,41,495,1222,298,1325,677,206,760,1565,76,1785,2871,116,112,374,78,1108,1738,1415,700,1148,296,137,127,98,66,264,262,245,780,10,39,146,3,7,45,688,818,1720,50,2018,2927,340,262,422,54,1030,1732,110,1525,2813,67,50,105,3,18,345,152,73,171,1104,168,432,0,34,1,174,1422,2949,50,1024,2133,144,1441,4264,8,50,198,2252,20341,101294,3351,33499,156907,0,1237,2763,210,11,351,3735,25979,134958,1298,2987,26304,0,0,0,993,13151,55623,3030,15359,164923,344,392,19286,0,182,371,1,2,0,3722,21710,185222,10424,90185,406216,0,0,0,0,0,0
13,1777,13144,70521,1955,15215,74589,2,2,697,1261,12066,52115,1781,13147,70100,1218,9117,18399,171,2062,4059,11,127,324,42,298,1068,0,201,290,30,404,1296,0,37,0,1966,17102,90229,1517,11283,88745,93,751,1472,133,132,151,419,202,404,38,457,1206,350,428,680,214,762,1569,97,1464,2886,110,119,440,74,944,1786,2300,642,1025,300,123,124,142,93,200,242,232,731,31,44,146,10,10,42,515,833,2460,111,1504,2960,362,209,717,68,1104,1686,118,1519,2943,5,50,138,1,21,346,107,56,229,706,130,2704,0,0,1,133,1548,3003,59,976,2216,75,1445,2890,1,27,187,2252,20341,101625,3351,33499,156905,0,1444,24740,136,37,444,3818,61005,127903,239,2434,53308,0,0,0,993,13151,55623,3239,16367,229914,359,7424,19574,16,184,325,2,22,0,3715,49080,197891,10418,90185,406216,0,0,0,0,0,0
14,1777,13144,70521,1957,15417,74589,1,2,672,1262,12066,52115,1781,13147,69740,1217,9098,18399,171,2062,4059,8,312,324,63,237,949,12,147,65,86,431,2603,0,0,0,1828,16998,90663,1493,11259,86889,94,754,1741,169,136,151,439,1295,424,40,578,1181,331,386,867,211,759,1522,74,1419,3816,127,114,360,52,1090,1808,1171,635,1693,380,182,146,134,89,186,287,216,632,27,116,125,0,10,58,376,841,1815,81,1424,4100,325,183,405,62,1160,1810,75,1510,2915,0,42,129,2,16,272,141,12,202,706,117,472,0,0,9,216,1459,2927,83,983,2103,146,1480,2638,3,37,215,2251,20341,101294,3350,33499,156924,0,234,1695,254,71,385,3818,24568,116615,368,2738,17980,0,0,0,993,13151,55623,3182,14075,167355,357,406,19044,0,178,347,1,4,0,3940,22014,178278,10542,90185,406216,0,0,0,0,0,0
15,1775,13144,70521,1957,15215,75313,1,2,664,1262,12066,52115,1778,13147,69760,1218,9098,18399,171,2120,4059,9,119,374,53,171,940,13,126,89,60,453,1206,0,0,0,1821,17174,89241,1418,11265,86650,96,756,1469,201,126,139,428,211,403,37,461,1213,294,425,710,209,776,1506,138,1451,2895,141,120,453,74,1042,1750,1168,644,2343,327,142,108,119,76,191,287,888,721,26,62,269,7,3,50,356,849,1674,94,1461,2942,313,177,375,44,1080,1826,114,1518,2866,0,51,114,4,16,364,121,4,188,759,291,471,0,0,0,255,2930,2892,21,1039,2227,82,1441,2650,4,39,196,2252,20341,101294,3351,34064,156924,0,1909,2185,178,79,419,3735,24983,120101,499,3418,16178,0,0,0,993,13151,55623,3164,14272,176800,364,141,19212,24,171,319,0,3,2,3694,21249,179016,10425,93008,406216,0,0,0,0,0,0
16,1775,13144,70521,2228,15215,74589,2,2,639,1262,12223,52163,1778,13147,69811,1218,9098,18399,171,2062,4293,2,307,423,40,298,1123,8,105,144,41,381,1053,0,0,0,1825,17337,89106,1502,11283,86566,87,755,1464,169,131,147,440,278,662,38,452,1139,323,308,648,217,762,1546,108,1457,2846,148,293,511,56,1124,1694,985,760,860,338,151,342,143,99,177,277,251,842,12,71,160,0,3,48,367,836,1716,81,1515,2937,362,183,376,56,1114,1766,103,1525,2869,1,187,201,0,19,383,116,6,196,677,191,504,0,0,2,379,1575,3613,100,1002,2091,78,1405,2920,7,36,190,2252,20341,101294,3351,33499,158594,0,1710,3657,240,10,442,4067,27805,113627,444,2428,36050,0,0,0,993,13151,55623,3207,12044,161328,363,100,19414,16,161,332,0,0,0,3750,21469,179100,10424,90185,407033,0,0,0,0,0,0
17,1777,13144,70521,1957,15215,74589,1,2,671,1262,12066,52115,1781,13147,69813,1218,9098,18399,171,2062,4059,3,53,348,64,244,1576,1,136,154,68,449,1087,0,0,0,1772,16981,88817,1516,11445,87129,102,761,1468,174,142,304,431,174,462,38,515,1204,307,286,672,215,817,2602,134,1438,2833,113,124,378,62,1062,1860,934,688,960,371,163,266,126,104,181,262,160,675,7,56,171,7,1,45,359,853,1705,66,1523,2910,314,171,353,64,1112,1696,104,2503,3498,0,44,127,34,20,314,87,297,575,680,403,1994,0,0,1,334,1465,2947,28,1040,2559,64,1489,2595,2,32,204,2251,20341,101294,3351,33499,156924,0,1071,15674,193,47,587,3901,26228,119603,805,2740,26719,0,0,0,993,13325,56223,3268,47801,176424,341,173,18833,0,183,321,0,2,0,3739,21763,194748,10424,90185,406216,0,0,0,0,0,0
18,1777,13144,70610,1957,15215,74589,1,2,683,1262,12066,52115,1781,13147,69825,1218,9098,18399,171,2062,4059,6,56,372,85,1036,1180,5,154,140,45,481,1072,0,0,0,1847,17014,89439,1408,11338,86671,92,758,1471,135,482,154,428,190,449,39,540,1218,311,275,673,212,859,1653,88,1528,2850,117,123,413,64,1132,1726,1073,832,664,338,135,361,76,132,364,244,188,798,10,43,149,4,3,87,357,842,1749,118,1421,2938,336,181,360,74,1060,1712,104,1568,2981,0,56,128,7,18,344,89,59,182,2657,150,456,0,0,1,425,1410,2914,68,1077,2141,84,1450,3010,40,15,226,2252,20341,101294,3351,33499,156923,0,2094,22256,409,64,400,4067,26062,113295,590,3540,34454,0,0,0,993,13151,55623,3130,15060,187469,379,376,16647,13,183,308,0,0,0,3718,20936,178031,10424,90185,406216,0,0,0,0,0,0
19,1777,13403,70521,1955,15215,74589,1,16,673,1261,12066,52115,1778,13147,69854,1217,24403,18501,171,2062,4060,0,59,315,32,261,1198,15,102,214,81,543,1301,0,0,0,1803,16927,90332,1529,11261,86307,93,757,1483,187,143,189,416,169,448,40,581,1216,336,281,688,208,802,1536,112,1512,2910,123,117,359,74,1148,1830,1134,1317,640,356,118,423,105,619,179,283,213,606,10,37,164,1,16,53,373,841,2248,51,1449,2901,339,170,372,74,1114,1812,75,1501,2869,0,40,131,6,16,394,90,84,154,692,178,469,0,0,0,331,1518,2909,62,1030,2235,131,1471,3451,7,27,179,2252,20341,101294,3351,33499,156924,0,5053,1738,258,57,383,3901,46646,125496,986,2387,22562,0,0,0,993,13151,55623,3034,47949,171097,392,153,19902,0,185,325,0,2,0,3701,22478,197567,10418,90185,406216,0,0,0,0,0,0
20,1777,13144,70521,1957,15215,74589,1,3,677,1262,12066,52115,1781,13147,69916,1218,1224,18399,171,2062,4059,6,144,418,57,299,1125,7,147,470,56,431,1014,0,0,0,1887,17010,90024,1424,11271,86387,90,761,1460,140,130,175,424,188,466,34,540,1174,313,297,677,208,748,1577,119,1516,2815,118,122,337,66,1096,1708,2598,710,1279,321,110,426,92,124,218,247,178,695,17,40,154,7,5,55,356,840,1796,80,1486,2938,325,181,754,68,1124,1764,125,1509,2893,0,28,130,0,13,376,81,85,139,664,156,866,0,0,0,212,1518,2923,39,1066,2155,1058,1500,2659,3,36,179,2251,20341,102635,3350,33499,156924,0,30155,1483,257,53,647,3735,23240,111884,317,24792,69261,0,0,0,993,13151,55623,3244,14943,190443,359,140,19161,15,161,336,0,0,0,3711,62959,230557,10424,90185,406216,0,0,37,0,0,0
21,1777,13144,70521,1957,15215,74589,2,2,658,1262,12066,52115,1781,13147,69846,1218,1252,18399,171,2062,4059,3,52,355,43,236,1144,36,130,108,51,413,1648,0,0,37,1851,17136,88446,1528,11339,86058,91,754,1549,153,147,192,438,188,408,26,528,1171,326,261,1272,209,759,1550,91,1534,3279,126,112,366,74,984,1858,1090,639,1501,349,123,420,142,103,191,259,223,568,14,33,146,1,5,45,358,842,1735,183,1532,3249,368,173,397,68,994,1794,70,1536,2952,1,33,157,0,27,307,61,80,176,489,153,661,0,0,14,242,1522,2993,85,1045,2158,332,2299,2533,6,17,168,2252,20341,101294,3348,33499,156924,0,4395,9206,270,19,390,3735,24402,133630,460,4178,13937,0,0,0,993,13151,55623,4173,14450,188701,379,124,22388,3,204,344,0,0,2,3684,23673,197116,10424,90185,406216,0,0,0,0,0,0
22,1777,13144,70521,1957,15215,74739,1,2,639,1261,12066,52115,1778,13147,69835,1227,1071,18399,171,2062,4120,2,149,363,61,381,1091,20,143,111,51,443,1211,0,0,0,1815,17130,88146,1518,11840,85523,91,756,1497,173,122,150,420,847,433,34,471,1212,326,281,672,211,780,1530,142,1452,2853,118,116,364,60,1106,1852,1144,1626,1168,348,188,597,95,74,163,265,125,1197,24,41,227,7,2,57,357,1417,1689,326,1507,2912,341,180,378,54,714,1842,83,1462,2893,2,34,138,3,21,334,79,111,200,605,141,2366,0,0,0,208,1444,4252,16,995,2136,184,1425,2794,4,15,180,2252,20341,101294,3351,33499,157376,0,3487,2098,303,48,336,3735,25896,112382,493,3166,15116,0,0,0,993,13151,55623,13248,21937,174296,382,447,17634,12,159,306,1,3,0,3715,21325,261546,10418,90185,410655,0,0,0,0,0,0
23,1777,13144,70521,1957,15215,74589,1,2,639,1261,12066,52629,1778,13392,69821,1245,1085,18399,171,2062,4059,0,66,347,75,224,1004,18,174,168,85,387,1048,0,0,0,1945,17213,88628,1524,11305,85295,93,754,1470,181,133,153,599,186,557,37,489,1206,319,268,747,219,780,1510,82,1414,2899,100,114,695,64,1124,1808,1284,1010,1002,394,139,408,916,97,207,209,202,743,13,43,176,6,12,52,390,848,1748,259,1432,3085,341,385,364,64,1032,1882,122,1500,3701,2,56,353,0,29,363,70,120,372,559,307,677,0,0,0,202,1401,3036,123,990,2184,125,1442,2518,7,80,216,2252,20341,101294,3351,33499,156924,0,2607,1583,294,121,518,3818,24070,112714,499,2548,42518,0,0,0,993,13151,55805,3430,14678,169195,401,137,18938,43,178,330,1,2,0,8500,21137,327392,10418,90185,406216,0,0,0,0,0,0
24,1777,13144,71223,1957,15215,74589,2,2,1014,1262,12066,52115,1781,13148,69838,1216,1067,18399,171,2062,4059,4,271,468,27,241,1809,19,255,71,89,364,1076,0,0,0,1772,17215,90392,1452,11314,86112,109,754,1465,187,129,441,437,204,401,40,473,1224,299,269,668,198,771,1824,94,1492,2840,116,102,368,44,1084,1706,924,803,1447,343,173,98,283,77,639,217,222,692,16,38,186,5,9,54,370,817,1690,99,1433,2980,280,183,363,72,1148,1664,82,1487,3239,0,55,136,7,19,287,105,106,220,549,609,497,0,0,1,182,1487,2977,34,1009,2143,123,1461,2645,18,16,180,2252,20585,101295,3350,33499,156924,0,1865,36910,268,65,431,3984,24900,113129,6161,2210,13903,0,0,0,993,13151,55623,3180,14476,171156,374,159,18889,17,176,337,0,11,0,3859,22438,300374,10424,90185,406216,0,0,0,0,0,0
25,1775,13144,70521,1955,15215,74589,1,2,757,1262,12066,52129,1781,13148,69851,1217,1067,18435,171,2062,4059,0,89,388,62,170,1015,8,138,128,75,1632,1053,0,0,0,1857,17183,90379,1507,11256,85820,89,940,1468,170,146,148,397,195,357,43,436,1215,326,547,684,212,740,1661,118,2208,2898,118,120,501,64,1138,1890,1224,875,573,322,166,65,155,113,208,262,243,712,9,42,172,6,3,55,356,854,1698,113,2474,3141,208,184,377,64,1138,1846,113,1538,3091,0,50,121,3,38,284,131,121,203,831,301,469,0,7,0,295,1450,3228,63,1034,2179,96,1485,3789,28,26,214,2252,20341,101294,3351,33499,156924,0,2152,2171,278,75,505,3486,34943,119852,811,2521,15514,0,0,0,993,13151,55623,3015,14658,200692,385,106,18745,0,171,353,0,0,0,3765,20882,293321,10424,90185,406216,0,0,0,0,0,0
26,1777,13144,70521,1957,15215,74589,1,2,722,1262,12066,52115,1778,13148,69833,1217,1067,18399,171,2062,4059,3,110,393,51,131,984,6,142,88,47,418,1125,0,0,0,1810,17074,88902,1523,11258,88571,102,760,1462,187,167,158,394,196,391,42,485,1201,306,276,688,201,734,1549,73,1491,2834,108,110,431,62,1122,1838,1200,1158,681,329,183,36,100,67,142,276,232,422,9,35,156,0,6,53,1036,798,2439,75,1505,3114,306,168,621,64,1110,1732,63,1547,2958,0,52,132,8,19,284,95,125,161,667,441,2312,0,0,0,249,1511,3065,70,1022,2112,79,1330,2702,5,23,167,2252,20341,101294,3351,33499,156924,0,1041,2430,299,28,547,3652,23157,123172,575,2497,37485,0,0,0,993,13151,55623,3088,14429,193033,392,120,18889,21,155,322,0,0,0,3725,22826,285626,10424,90185,406216,0,0,0,0,0,0
27,1777,13144,70521,1957,15705,74589,1,2,671,1262,12066,52115,1781,13148,69757,1217,1067,18399,171,2062,4059,5,54,436,39,173,938,1,179,263,33,308,2137,0,0,0,1858,17156,92876,1521,11382,86562,90,756,1681,169,165,150,412,196,411,40,545,1217,297,266,932,211,758,1491,104,1458,3692,121,129,437,74,1130,1822,899,884,610,337,188,87,119,73,120,316,227,375,14,158,131,7,2,61,591,814,1733,105,1461,4763,225,260,438,56,1108,1714,81,1515,2943,2,28,132,2,18,287,65,113,212,366,162,886,0,0,3,167,1448,2884,25,985,2155,119,1465,2492,2,24,236,2252,20341,101533,3351,33499,156924,0,438,2536,244,68,669,4233,27556,112631,524,1711,16521,0,0,0,993,13151,55623,3296,15531,187631,431,769,18746,0,176,310,0,39,0,3718,20956,283532,10424,90185,406216,0,0,0,0,0,0
28,1775,13144,70521,1955,15215,75561,1,2,662,1261,12066,52115,1781,13148,69796,1216,1067,18399,171,2323,4059,1,243,397,53,204,1160,4,150,93,77,323,961,0,0,0,1873,17316,93898,1530,11295,86688,97,762,1465,171,136,144,405,201,413,41,401,1148,310,236,680,212,764,1548,57,1479,2949,125,120,464,62,1120,1746,1298,847,558,300,138,327,151,63,145,276,439,681,13,57,255,0,4,55,490,783,1695,109,1476,3475,310,188,381,68,1106,1744,80,1529,2888,1,27,108,0,19,269,93,135,207,698,124,505,0,1,0,386,1450,2950,84,1013,2142,87,1466,2322,17,14,155,2252,20341,101294,3351,35020,156924,0,218,8133,127,65,503,3984,23821,114623,351,1893,14204,0,0,0,993,13151,55623,3261,14300,173241,392,167,21490,18,168,293,0,4,9,6740,21766,309895,10424,91308,406216,0,0,0,0,0,0
29,1777,13144,70521,1957,15215,74589,2,2,664,1262,12109,52179,1781,13148,69831,1217,1067,18399,171,2062,4288,3,187,335,47,257,1067,7,217,91,77,413,1034,0,0,0,1766,17049,93473,1507,11275,86560,99,757,1466,169,151,149,420,418,665,39,532,1223,298,296,696,210,778,1549,93,1464,2876,94,178,417,52,1140,1808,1316,893,642,344,94,207,148,69,145,245,214,800,13,54,115,8,4,46,373,809,1691,94,1490,3009,279,171,378,70,1126,1708,93,1490,2836,0,30,44,4,39,256,91,107,205,514,152,474,0,0,0,198,1883,3678,11,1034,2136,95,1507,2091,9,20,196,2251,20341,101294,3351,33548,158778,0,1542,2319,200,59,438,4316,23821,124002,567,2192,13805,0,0,0,993,13151,55623,3050,15341,186973,340,185,19099,3,180,344,0,1,0,6167,20937,299681,10424,90185,407263,0,0,0,0,0,0
30,1777,13144,70521,1957,15215,74589,1,2,645,1262,12066,52115,1781,13148,69851,1217,1067,18399,171,2064,4059,4,173,328,53,254,1575,3,105,211,40,347,1064,0,0,0,1882,16999,93360,1508,11290,86419,96,761,1473,162,143,281,419,990,437,40,425,1209,338,287,682,193,761,2222,85,1506,2882,95,111,383,58,1062,1858,1611,935,862,320,121,152,153,74,166,256,225,508,12,52,161,4,4,49,347,803,1712,113,1655,2914,238,180,352,66,708,1810,96,1826,3468,2,78,129,1,21,283,102,544,539,475,120,433,0,1,0,281,1384,2931,101,1031,2439,124,1419,2710,38,26,245,2252,20341,101294,3351,33500,156924,0,2587,18999,192,18,887,4067,23738,112050,454,34085,14822,0,0,0,993,13760,56201,3216,14766,192198,354,225,19213,13,184,293,0,1,0,3748,21755,286940,10424,90185,406216,0,0,0,0,0,0
31,1777,13144,70611,1955,15215,74589,1,2,652,1261,12066,52115,1781,13148,69839,1217,1067,18399,171,2072,4059,28,344,431,53,481,975,18,194,187,51,296,967,0,0,0,1853,17068,93899,1522,11261,86300,101,751,1472,186,220,154,416,213,390,40,577,1208,303,270,662,205,1108,1603,93,1461,2848,122,123,403,70,1130,1712,1182,926,669,311,99,82,166,84,315,277,224,663,15,63,180,0,0,70,359,826,1699,63,1641,3013,292,283,370,56,1056,1690,75,1549,2901,0,24,121,1,19,251,84,123,180,491,149,1614,0,0,0,326,1532,3026,48,1248,2177,77,1405,2823,8,19,242,2252,20341,101294,3351,33499,156924,0,514,14572,131,19,716,3984,26809,111718,726,2518,18274,0,0,0,993,13151,55623,3111,14650,172417,380,254,18943,7,155,343,0,2,0,3812,21656,282468,10418,90185,406216,0,0,0,0,0,0
32,1777,13226,70521,1957,15215,74589,1,7,625,1262,12066,52115,1781,13148,69848,1201,1067,18520,171,2072,4059,11,100,337,28,181,1021,5,181,159,66,393,1018,0,0,0,1864,17037,93242,1504,11311,86070,92,756,1470,161,138,149,437,205,375,42,426,1213,318,258,710,223,770,1464,90,1459,2863,111,118,426,62,1132,1662,2036,809,711,289,115,89,109,229,201,268,184,539,11,55,164,3,25,54,341,747,2220,122,1482,3093,236,192,410,74,998,1722,121,1477,2828,0,27,125,5,20,291,62,99,152,440,168,508,0,1,0,324,1447,2972,63,1049,2139,127,1477,3246,11,21,206,2279,20341,101294,3350,33499,156924,2,971,2022,61,48,867,3735,23987,111884,418,14307,14461,0,0,0,993,13151,55623,3412,14223,176132,358,152,19099,0,180,335,0,0,0,3699,22368,324011,10424,90185,406216,0,0,0,0,0,0
33,1777,13144,70521,1957,15215,74589,1,2,648,1262,12066,52115,1781,13148,69932,1218,1067,18399,171,2071,4059,2,287,325,64,210,1013,14,122,419,50,399,1068,0,0,0,1775,17222,92689,1518,11280,86188,91,755,1468,170,145,212,411,204,440,40,406,1195,307,264,674,205,742,1563,75,1434,2851,130,113,390,58,1140,1820,884,744,1579,271,152,138,145,104,173,268,188,543,10,60,131,0,3,46,361,852,1737,67,1416,2975,313,173,855,62,932,1780,67,1527,2872,2,37,114,0,12,276,79,74,220,416,328,684,0,0,0,198,1480,3282,57,995,2227,78,1376,2914,9,51,181,2253,20341,102732,3351,33499,156912,0,1110,2457,100,59,1220,3901,24236,129148,515,2194,32953,0,0,0,993,13151,55623,3036,51530,173519,373,182,19039,13,174,336,1,0,0,3763,21501,343649,10424,90185,406216,0,0,37,0,0,0
34,1777,13144,70521,1957,15215,74589,2,2,644,1262,12066,52115,1778,13148,69844,1216,1129,18399,171,2072,4059,4,195,333,56,319,983,2,100,84,122,377,1600,0,0,37,1785,17150,91247,1515,11288,86652,103,757,1582,185,133,181,396,188,434,38,571,1185,297,257,1202,221,684,1577,117,1454,3206,105,108,481,58,1014,1738,815,728,1870,327,178,151,135,85,150,285,222,531,14,55,157,8,3,48,354,807,1728,95,1425,3381,300,175,478,76,1108,1828,110,1548,3138,0,35,107,6,37,280,125,92,198,345,174,418,0,0,20,180,1420,3143,23,1015,2144,131,1979,2756,28,19,187,2252,20341,101295,3351,33499,156924,0,14089,2176,76,51,992,3735,24734,116449,489,4512,35819,0,0,0,993,13151,55623,3317,15061,172046,481,1948,18980,0,198,300,2,0,0,3689,27539,301268,10424,90185,406216,0,0,0,0,0,0
35,1777,13144,70521,1955,15215,74723,2,2,650,1261,12066,52115,1781,13148,69867,1217,1104,18399,171,2072,4059,3,260,404,39,210,1169,5,141,98,71,225,1133,0,0,0,1839,16945,91100,1449,11428,85796,93,754,1482,172,156,169,400,181,415,39,491,1213,339,290,722,213,758,1573,62,1445,2899,101,106,427,66,994,1746,910,677,1449,283,148,209,113,73,185,250,157,657,12,62,268,9,2,42,356,1109,1780,88,1484,2902,351,177,888,78,1010,1910,159,1457,3220,0,25,79,0,21,264,104,84,173,422,223,1806,0,0,0,151,1393,3208,96,1037,2155,62,1350,3062,3,20,183,2252,20341,101294,3351,33499,157376,0,1022,18375,81,33,408,3901,24485,126077,544,3112,17095,0,0,0,993,13151,55623,3066,18016,173549,401,1413,24160,22,185,334,0,0,0,3707,22234,320519,10418,90185,409960,0,0,0,0,0,0
36,1777,13144,70521,1957,15215,74590,1,2,660,1262,12066,52596,1781,13226,69826,1217,1067,18399,171,2072,4120,2,242,376,31,234,965,4,107,187,48,333,1132,0,0,0,1793,17110,92063,1539,11361,85667,103,754,1464,181,149,151,410,190,503,40,457,1209,311,300,657,215,747,1719,104,1450,2817,116,111,588,54,828,1732,837,682,1372,263,171,52,194,102,153,268,153,1292,12,76,164,2,4,46,360,860,1714,175,1493,2948,399,551,925,24,794,1758,127,1517,3005,1,33,295,12,46,252,119,51,268,424,276,493,0,0,2,205,1385,4147,31,1050,2092,96,1409,2700,8,25,193,2251,20341,101294,3350,33499,156924,0,2296,18618,106,212,412,5146,25647,133713,431,2704,14322,0,0,0,993,13151,55792,3105,14617,180306,365,370,16080,20,161,280,1,0,0,4461,70677,304227,10424,90185,406216,0,0,0,0,0,0
37,1777,13144,71060,1957,15215,74589,1,2,636,1262,12066,52115,1778,13148,69835,1217,1067,18399,171,2072,4059,2,304,355,51,189,2023,2,451,102,64,340,931,0,0,0,1879,17129,91326,1530,11258,86387,89,761,1461,164,130,423,400,186,266,40,469,1147,306,263,654,214,760,1874,80,1430,2823,114,117,177,64,1142,1842,680,713,2091,342,137,94,153,114,510,250,158,699,7,72,175,7,0,57,348,855,1699,268,1453,2963,367,205,795,54,832,1866,164,1530,4041,0,28,122,6,29,255,123,36,119,4197,159,505,1,0,0,257,1531,3322,82,1001,2242,85,1408,2677,5,20,225,2252,21281,101294,3351,33499,156924,0,3540,2603,58,41,385,6059,23904,129065,408,3665,13677,0,0,0,993,13151,55623,3360,14230,169938,346,202,19433,0,179,338,0,0,0,3708,21838,333836,10424,90185,406216,0,37,0,0,0,0
38,1794,13144,70521,1957,15215,74589,1,2,1105,1261,12066,52115,1781,13148,69876,1216,1067,18399,171,2071,4059,0,143,319,58,189,996,15,129,88,81,793,817,0,0,0,1801,17497,92049,1575,11321,86315,91,833,1468,172,131,144,407,866,205,59,500,1231,312,793,689,210,684,1599,82,1818,2922,120,107,169,72,1116,1804,839,700,701,309,153,55,126,70,155,235,130,742,6,68,139,2,4,57,351,843,1673,91,1972,3103,347,189,857,78,1046,1720,104,1533,3301,1,41,131,1,23,283,99,39,136,3497,168,457,0,32,1,222,1472,3113,60,987,2119,95,1434,4186,11,18,201,2252,20341,101294,3351,33499,156907,0,4271,2233,108,66,411,4814,24734,116034,629,2573,38524,0,0,0,993,13151,55623,3382,14135,187526,363,150,18822,13,181,352,0,0,0,3689,21340,326694,10418,90185,406216,0,0,0,0,0,0
39,1777,13144,70521,1957,15215,74589,1,2,711,1262,12066,52115,1781,13148,70009,1217,1067,18439,171,2072,4059,5,338,427,47,246,1103,1,117,141,54,350,855,0,37,0,1889,17682,91434,1642,11283,90818,91,757,1458,174,119,146,426,199,201,53,567,1202,328,260,933,215,743,1506,106,1461,2899,120,117,175,66,1140,1744,884,876,630,322,134,80,141,63,179,241,145,686,12,40,111,6,4,37,360,853,2799,132,1455,2910,349,174,1161,66,932,1794,146,1472,3025,2,28,138,0,19,235,98,45,163,485,156,597,0,0,4,170,1410,2914,41,1038,2202,106,1407,2864,6,21,248,2252,20341,101294,3350,33499,156924,0,2285,15439,75,80,493,3735,24983,128733,697,2305,13220,0,0,0,993,13151,55623,3416,15492,195479,347,175,18774,1,186,344,0,0,0,3727,22197,300369,10424,90185,406216,0,0,0,0,0,0
40,1775,13144,70521,2497,15355,74589,2,2,658,1262,12066,52115,1781,13148,69750,1217,1067,18399,177,2072,4059,3,178,330,23,482,1103,5,79,248,41,334,2102,0,0,0,1892,17415,91767,2205,11284,87226,89,759,1660,161,105,148,406,201,192,45,540,1200,345,251,1097,211,776,1635,66,1519,3691,117,118,176,72,1138,1680,1305,782,557,338,231,108,159,73,214,242,182,562,5,98,161,1,4,54,1596,833,1791,103,1462,4329,392,173,830,74,854,1750,88,1476,2905,1,38,113,4,16,304,98,96,146,272,169,5299,0,0,3,293,1473,2981,90,1054,2091,74,1424,2869,6,21,210,2252,20341,101563,3351,33499,156924,0,36731,1782,206,23,403,3403,55693,115702,512,2142,13680,0,0,0,993,13151,55623,3174,44905,201227,394,4857,19003,18,163,315,0,16,0,3709,21012,323259,10424,90185,406216,0,0,0,0,0,0
41,1777,13144,70521,1957,15215,75351,1,2,668,1262,12066,52115,1781,13148,69773,1217,1067,18399,172,2072,4059,3,157,367,27,397,1094,4,157,130,102,259,992,0,0,0,1787,17174,91829,1545,11376,87117,128,760,1451,171,102,194,403,200,208,42,546,1228,335,269,693,217,764,1558,102,1477,2860,100,114,176,60,1126,1860,1571,797,711,336,158,402,183,70,159,288,801,693,10,59,342,9,3,97,489,780,1712,108,1447,2971,385,164,713,54,976,1788,102,1496,2917,0,29,128,0,19,269,132,75,206,248,322,515,0,0,5,155,1448,2936,18,1014,2132,106,1435,2754,7,14,186,2252,20341,101294,3351,33917,156924,0,1872,2263,71,28,341,3818,25564,121097,477,2953,13778,0,0,0,993,13151,55623,3243,15895,178360,351,422,20627,4,167,339,0,3,6,3705,21163,322631,10418,93408,406216,0,0,0,0,0,0
42,1777,13144,70521,1957,15215,74589,2,2,652,1262,12201,52115,1781,13148,69750,1216,1067,18399,171,2151,4299,0,158,345,56,266,978,1,130,221,77,334,985,0,0,0,1831,17230,91409,1510,11273,87142,202,760,1478,141,108,162,374,284,339,41,567,1306,332,269,703,214,736,1652,72,1497,2848,128,278,162,64,794,1838,942,537,741,386,144,283,160,62,165,238,228,877,13,60,217,5,6,77,367,830,1747,126,1448,2860,322,171,693,68,1034,1762,113,1583,2917,0,47,105,1,19,281,128,55,187,256,174,211,0,0,0,119,2422,3544,112,982,2166,118,1452,2844,10,19,157,2252,20341,101294,3350,33499,158839,0,3601,1773,79,43,400,3486,45152,115702,725,3907,28139,0,0,0,993,13151,55623,3166,15950,183015,369,356,19115,11,180,324,0,2,0,3884,21071,331435,10424,90186,407175,0,0,0,0,0,0
43,1775,13144,70521,1955,15215,74589,1,2,647,1262,12134,52179,1781,13148,69727,1297,1067,18399,171,2071,4059,3,168,386,69,218,1232,0,171,104,37,338,829,0,0,0,1781,17200,92701,1488,11296,86794,208,758,1477,182,113,437,333,177,195,35,536,1278,314,289,714,211,685,2254,100,1499,2884,120,116,252,64,1140,1832,814,515,854,310,180,165,204,92,149,263,183,565,13,62,183,1,5,61,335,771,1697,73,1447,2895,393,164,824,50,872,1806,83,2061,3440,1,159,210,3,15,266,115,255,508,225,165,3445,0,0,0,160,1513,3063,25,1004,2538,130,1478,2773,19,20,163,2252,20341,101294,3351,33499,156924,0,3558,40386,70,63,365,3486,24900,114955,529,2112,15723,0,0,0,993,13325,56186,3380,15812,179204,351,145,18809,12,183,332,0,4,2,3819,20897,310694,10424,90185,406216,0,0,0,0,0,0
44,1777,13144,70621,1957,15215,74589,1,2,673,1262,12066,52115,1781,13148,69686,1217,1067,18399,171,2072,4059,1,116,325,44,912,1424,0,97,116,54,356,1205,0,0,0,1845,17200,91842,1489,11270,85670,187,752,1482,172,345,170,389,195,195,41,578,1318,306,267,699,212,929,1604,75,1452,2868,113,137,169,74,1112,1600,734,419,1042,360,118,159,150,59,263,243,201,508,13,56,162,4,4,70,350,811,1766,124,1446,2911,384,171,857,62,1070,1806,138,1577,2964,0,31,124,3,15,265,120,86,154,212,178,1694,0,0,0,133,1435,2967,65,1082,2216,122,1392,2861,11,17,200,2251,20341,101294,3351,33499,156916,439,305,1807,115,72,421,3818,23406,114540,425,2408,14443,0,0,0,993,13151,55623,29939,15628,165009,355,369,19886,1,182,321,0,5,2,3690,20683,310961,10424,90185,406216,0,0,0,0,0,0
45,1777,13403,70521,1957,15215,74589,1,12,648,1262,12066,52115,1781,13148,69620,1217,1067,18512,171,2072,4059,7,61,385,51,362,971,7,66,106,73,350,1164,0,0,0,1937,17169,90227,1444,11243,86749,254,749,1476,190,148,177,1148,197,191,42,593,1298,303,268,684,203,779,1629,100,1498,2814,124,129,193,72,1116,1830,1016,956,715,332,140,177,116,546,140,250,166,606,11,58,139,0,13,49,334,847,2010,78,1538,2963,386,170,881,70,1064,1724,86,1491,2896,0,37,116,3,16,281,92,72,129,224,163,1241,0,0,0,147,1399,2933,67,1043,2158,91,1411,3338,7,70,177,2252,20341,101294,3351,33499,156924,0,2529,1945,75,20,456,3569,24070,122923,482,27477,12680,0,0,0,1014,13151,55623,6933,15924,183980,358,230,19340,18,161,374,0,2,1,3728,23487,389405,10424,90185,406216,0,0,0,0,0,0
46,1777,13144,70521,1955,15215,74589,1,2,632,1261,12066,52115,1781,13148,69595,1216,1067,18400,171,2072,4059,4,127,314,49,270,954,7,129,370,62,362,1096,0,0,0,1775,17035,90209,1500,11259,85882,254,754,1468,168,107,173,406,864,188,40,596,1297,297,284,680,223,716,1703,89,1433,2792,121,118,169,62,1132,1824,812,468,847,290,132,147,160,88,170,266,160,565,13,53,105,8,7,61,348,842,1764,131,1454,3022,363,171,1607,68,1036,1800,121,1512,2995,0,43,123,10,17,278,174,63,197,231,174,2739,0,0,0,198,1470,2993,42,1065,2164,133,1434,2905,2,39,148,2252,20341,102530,3351,33499,156924,0,40,18595,67,46,682,3735,24485,126243,493,2522,68656,0,0,0,993,13151,55623,3410,47844,172483,383,384,18766,0,182,299,0,2,0,3694,22149,315444,10418,90185,406216,0,0,37,0,0,0
47,1777,13144,70521,1957,15215,74589,2,2,645,1262,12066,52115,1778,13148,69444,1217,1067,18400,171,2071,4059,1,122,358,44,409,1254,4,145,108,53,352,1418,0,0,0,1869,17076,90148,1512,11340,87135,202,752,1601,176,107,167,541,199,185,37,504,1347,330,236,1436,219,778,1617,70,1415,3325,121,113,169,68,1076,1794,806,555,707,280,143,133,115,91,283,236,169,594,11,64,121,0,4,58,321,812,1710,83,1466,3595,381,164,778,74,1158,1820,115,1517,3087,0,39,92,9,32,287,91,114,185,211,160,3791,0,0,29,202,1431,2946,90,1009,2192,66,5823,2651,9,16,172,2251,20341,101294,3350,33499,156924,0,1058,2857,86,62,447,4731,25149,116117,356,4883,14673,0,0,0,993,13151,55623,3125,16669,178780,378,174,19763,23,210,329,0,2,0,3830,22339,318644,10424,90185,406216,0,0,0,0,0,0
48,1777,13144,70521,1957,15215,74750,1,2,630,1262,12066,52115,1781,13148,69424,1217,1104,18398,171,2072,4059,13,81,389,36,249,1480,2,139,106,59,422,1123,0,0,37,1863,16965,90643,1554,11836,86310,199,751,1466,165,108,153,399,185,177,39,535,1356,309,270,708,215,776,1561,121,1452,2817,108,113,169,62,1068,1542,871,517,769,278,117,252,140,62,289,276,167,596,50,61,213,5,16,57,337,1405,1714,110,1486,3211,355,167,724,32,780,1802,109,1551,3012,0,40,130,5,50,257,83,78,182,188,157,3109,1,0,0,181,1451,2962,28,1018,2147,120,1260,2744,5,17,155,2252,20341,101294,3351,33499,157474,0,54,2093,84,57,441,3901,24983,128567,356,2313,14174,0,0,0,993,13151,55623,3032,22686,176181,374,348,39355,12,177,306,0,3,5,3683,21222,308535,10424,90185,406216,0,0,0,0,0,0
49,1777,13144,70521,1957,15215,74589,1,2,641,1261,12066,52683,1781,13437,69403,1217,1067,18400,171,2072,4120,0,89,351,45,294,1389,1,174,80,63,326,1264,0,0,0,1893,17031,89930,1413,11258,86905,114,760,1464,147,108,166,405,203,267,40,590,1333,317,265,687,210,758,1574,72,1493,2837,127,112,341,64,1104,1858,1780,484,715,237,101,143,119,83,247,263,115,1021,26,60,191,8,6,54,333,849,1727,115,1479,3035,379,314,575,64,1114,1894,133,1512,2897,1,32,275,1,21,264,103,79,237,216,408,3441,0,0,1,127,1391,4355,100,1038,2270,78,937,2727,5,22,171,2252,20341,101294,3351,33499,156924,0,2716,15815,67,81,387,3735,24900,123504,463,2102,13851,0,0,0,993,13151,55623,3293,15605,163429,395,142,19291,0,189,292,0,1,0,3894,21513,337557,10418,90185,409734,0,0,0,0,0,0
50,1775,13144,70919,1957,15215,74589,1,3,643,1262,12066,52115,1781,13148,69391,1218,1067,18400,171,2072,4059,2,66,340,54,308,2183,2,250,123,68,319,978,0,0,0,1774,17019,91470,1439,11242,86236,105,756,1470,177,114,305,416,177,182,43,565,1309,319,282,666,220,768,1842,94,1480,2797,125,110,167,64,1092,1732,1735,484,1638,304,147,152,173,61,208,240,123,379,15,56,180,4,3,44,365,852,1984,85,1490,2875,209,182,691,64,1116,1742,87,1501,3705,0,24,128,8,14,239,97,75,304,294,431,2551,0,0,1,195,1450,3030,57,1041,2310,134,842,2662,7,21,175,2252,20583,101294,3351,33499,156924,0,2978,13820,102,24,343,3901,24319,114623,460,36306,40405,0,0,0,993,13151,55812,3276,17105,193639,379,410,20094,12,176,306,1,3,0,3747,20858,307794,10424,90185,406216,0,0,0,0,0,0
51,1777,13144,70521,1957,15215,74589,2,2,999,1262,12066,52115,1781,13148,69386,1218,1067,18398,171,2072,4059,6,68,363,45,244,1212,0,186,107,57,1517,868,0,0,0,1788,17161,90818,1425,11259,86164,109,937,1467,180,109,177,387,183,193,37,531,1251,296,451,673,215,734,1583,99,2215,2831,108,113,179,70,1128,1798,1088,533,662,356,151,153,154,59,843,248,189,299,22,66,168,4,0,62,341,846,1845,128,2447,2955,192,171,657,58,1140,1864,104,1487,2973,0,45,137,0,35,272,86,78,196,284,159,3255,0,0,1,300,1465,3272,51,1161,2216,136,806,4300,5,22,156,2252,20341,101294,3351,33499,156924,0,1704,2738,106,29,375,4067,24568,111552,502,2390,13403,0,0,0,993,13151,55623,3404,16601,153621,374,122,19067,0,160,361,0,1,0,3686,23099,318108,10418,90185,406216,0,0,0,0,0,0
52,1777,13144,70521,1957,15215,74589,1,2,679,1262,12066,52115,1778,13148,69615,1218,1067,18448,171,2071,4059,2,111,347,37,205,1430,20,201,110,65,387,882,0,0,0,1880,17302,91464,1536,11284,90512,130,757,1461,171,112,163,396,187,178,40,569,1281,326,280,657,212,770,1579,63,1420,2872,117,130,174,66,1094,1520,1274,580,593,387,144,146,150,76,106,261,204,538,19,41,181,0,4,52,339,786,2743,81,1592,2841,183,171,874,56,1116,1784,129,1454,2879,0,42,109,4,19,295,51,75,151,314,164,2998,0,3,1,334,1435,3083,81,1067,2100,99,940,3800,4,23,142,2252,20341,101294,3350,33499,156924,0,1797,2485,106,55,487,5727,24485,114706,394,2573,15106,0,0,0,993,13151,55623,3106,15602,226026,388,351,19886,17,178,280,0,2,0,3784,21163,302523,10424,90185,406216,0,0,0,0,0,0
53,1775,13144,70521,1955,15767,74589,1,2,661,1262,12066,52115,1781,13148,69289,1218,1067,18400,171,2072,4059,3,83,354,49,306,1226,7,150,244,41,294,2342,0,0,0,1775,17696,91527,1513,11277,86705,158,757,1639,176,103,177,635,419,362,41,586,1274,322,266,878,218,746,1605,116,1471,2934,122,106,176,58,1092,1776,750,526,1299,363,164,145,142,127,38,283,204,630,22,194,194,7,14,55,334,814,1758,99,1503,4122,190,172,701,48,966,1894,145,1507,2902,0,43,119,5,13,288,50,49,195,287,140,3822,0,0,0,163,1411,2879,19,1035,2230,138,888,3089,3,19,200,2252,20341,101625,3351,33499,156924,0,1585,3918,162,61,414,4067,26394,129314,405,2594,41530,0,0,0,993,13151,55623,2974,15291,147175,411,639,19308,9,181,330,0,40,0,3714,22407,321652,10424,90185,406216,0,0,0,0,0,0
54,1777,13144,70521,1957,15215,75242,1,2,663,1262,12066,52115,1781,13148,69190,1218,1067,18400,171,2072,4059,2,88,406,82,247,1328,3,133,129,67,323,1057,0,0,0,1848,17115,91489,1491,11281,86983,113,753,1848,168,108,170,394,187,185,40,537,1298,313,264,683,216,708,1467,79,1480,3618,112,105,171,64,1040,1750,877,524,870,369,138,164,150,71,26,263,329,482,20,66,361,9,2,54,333,817,1937,110,1450,3091,370,173,660,34,1008,1778,144,1531,2886,2,30,111,0,20,271,53,60,167,258,162,3077,0,0,6,172,1455,3350,103,1040,2141,105,837,2998,52,21,152,2251,20341,101294,3351,35167,156924,0,2431,20390,111,34,392,3818,40836,113378,342,2925,38874,0,0,0,993,13151,55623,3142,14681,114671,376,469,19862,0,173,308,0,0,3,3673,21667,326021,10424,91007,406216,0,0,0,0,0,0
55,1777,13144,70521,1957,15215,74589,1,2,639,1262,12066,52115,1778,13148,69243,1218,1067,18400,171,2299,4288,2,112,345,39,297,1329,1,153,49,64,335,808,0,0,0,1858,17106,90900,1506,11267,86092,111,753,1605,175,101,156,373,1546,209,37,579,1391,301,285,688,215,711,1574,101,1501,2903,121,107,162,50,1090,1816,915,541,1093,338,124,153,148,85,23,229,377,858,29,47,196,1,3,66,332,844,1706,75,1447,2900,411,172,580,54,1058,1692,139,1565,2895,0,30,107,5,21,244,47,76,137,266,160,1339,0,0,0,185,1847,4352,26,1027,2219,113,1073,2797,3,24,156,2252,20341,101294,3351,33499,158922,0,2741,2573,287,33,361,3818,24236,111552,411,2574,20268,0,0,0,993,13151,55623,3105,14768,86380,389,169,19261,15,167,348,0,0,2,3721,21982,299688,10424,90185,407033,0,0,0,0,0,0
56,1775,13144,70521,1955,15215,74589,2,2,633,1261,12111,52158,2025,13148,69339,1218,1067,18400,171,2062,4059,2,73,320,51,249,1492,2,158,378,75,276,1121,0,0,0,1974,17105,91824,1490,11313,86412,98,751,1632,189,105,144,388,343,329,39,585,1316,301,285,685,219,729,2111,69,1403,2867,116,171,221,32,1124,1544,834,647,1490,345,148,155,180,107,34,207,191,351,25,38,195,7,3,70,337,830,1750,116,1602,3301,217,169,688,70,1106,1674,124,1546,3305,1,83,169,3,19,275,46,522,414,206,145,1503,0,0,0,198,1469,3972,73,999,2588,101,882,2676,26,22,166,2252,20341,101294,3351,33499,156973,0,4341,8570,151,51,438,3984,24900,111303,384,35149,13742,0,0,0,993,13760,56253,3138,15290,65018,424,352,19355,0,156,305,0,0,2,3677,22137,311346,10424,90185,406216,0,0,0,0,0,0
57,1777,13144,70608,1980,15215,74589,1,2,647,1262,12066,52115,1774,13148,69459,1218,1067,18399,171,2062,4059,1,118,351,43,561,1915,2,181,351,56,337,859,0,0,0,2042,17029,91760,1520,11272,86399,106,754,1649,175,203,361,397,173,316,42,447,1323,308,260,711,219,1047,1550,94,1453,2951,134,109,158,74,936,1838,789,544,788,360,176,163,128,71,126,201,170,317,19,38,177,0,6,77,335,712,1747,70,1445,2935,188,179,642,76,932,1868,118,1827,2906,0,25,109,17,19,267,46,114,109,131,310,3276,0,0,0,280,1499,4022,53,1295,2198,83,658,2808,2,17,200,2251,20341,101294,3351,33499,156925,0,3086,2204,102,63,390,3569,27390,116947,6794,1887,16072,0,0,0,993,13151,55623,3289,14689,65580,378,142,18592,19,181,292,0,0,2,3786,21185,318152,10424,90185,406217,0,0,0,0,0,0
58,1777,13223,70521,1958,15215,74589,1,4,635,1262,12066,52115,1781,13148,69609,1218,1067,18518,171,2062,4059,5,57,334,45,303,1258,0,191,414,50,393,837,0,0,0,1766,16907,91770,1549,11306,85834,97,753,1693,154,111,168,408,164,184,40,536,1325,317,258,693,216,767,1649,94,1462,2897,119,109,167,56,1140,1808,772,675,1712,361,128,157,162,68,30,204,147,335,26,39,159,9,30,47,341,748,1699,101,1479,2979,185,164,597,68,892,1748,123,1519,2945,3,23,128,0,18,277,51,73,121,173,151,2911,0,0,0,180,1430,3879,45,1072,2139,141,832,3577,2,14,180,2252,20341,101294,3351,33499,156924,0,4449,12143,91,57,417,3984,24568,111552,229,2731,28033,0,0,0,993,13151,55623,2926,15347,63015,374,398,19271,0,175,327,1,1,1,3712,21846,336130,10424,90185,406216,0,0,0,0,0,0
59,1777,13144,70521,1955,15215,74589,1,2,635,1261,12066,52115,1781,13148,69732,1218,1067,18399,171,2062,4059,2,162,456,59,175,1410,4,140,820,42,377,980,0,0,0,1823,17208,90864,1521,11327,86164,92,759,1485,173,105,135,379,187,171,39,563,1329,295,263,696,215,736,1786,63,1585,2893,102,115,170,66,1024,1648,815,519,502,404,170,151,112,193,37,188,157,570,22,58,173,6,11,45,337,775,2008,81,1434,2895,188,172,1227,74,802,1832,157,1494,2978,0,28,122,3,18,299,91,66,144,199,134,3902,0,0,0,315,1450,3737,83,1071,2115,91,926,2977,2,45,153,2252,20369,102509,3351,33499,156924,0,5966,2932,98,36,694,4067,27058,111054,477,3142,12852,0,0,0,993,13151,55623,3051,17914,77410,361,134,19058,21,177,324,3,1,0,3701,23017,302240,10418,90185,406216,0,0,37,0,0,0
60,1777,13144,70521,1957,15215,74589,1,2,643,1262,12066,52115,1781,13148,69698,1218,1067,18400,171,2062,4059,7,122,339,91,224,1165,0,204,435,49,296,1310,0,0,0,1968,16966,91819,1542,11337,86093,100,755,1606,196,97,134,397,177,172,39,541,1306,311,279,1272,207,771,1732,114,1457,3253,101,112,170,60,962,1802,1135,903,580,357,160,166,133,83,172,209,172,449,36,73,183,7,10,67,344,796,1731,90,1501,3596,186,175,647,62,1038,1748,92,1524,2931,0,24,115,4,38,281,47,84,152,453,150,1793,0,0,23,252,1491,3688,15,1026,2120,111,1508,2709,4,17,154,2251,20342,101294,3350,33499,156924,0,3312,1820,91,36,418,3735,26809,124417,400,3144,35485,0,0,0,993,13151,55623,2997,32512,82546,377,373,19537,17,186,283,0,1,0,3723,125102,315928,10424,90185,406216,0,0,0,0,0,0
61,1775,13144,70521,1957,15215,74737,2,2,631,1262,12066,52115,1781,13148,69767,1302,1166,18400,171,2062,4059,4,196,430,41,338,1426,0,124,424,70,209,972,0,0,37,1930,17252,91046,1450,11489,86349,102,754,1471,167,105,129,466,154,182,38,534,1290,308,274,680,214,729,1504,56,1455,2927,82,103,167,66,1030,1808,993,598,503,390,128,196,133,94,262,243,123,399,27,64,262,7,6,47,338,1164,1693,97,1451,2841,176,170,674,72,1004,1894,133,1539,2902,1,38,125,2,22,282,88,83,125,244,155,2918,0,0,0,202,1448,3761,77,1016,2241,83,916,2855,5,11,163,2252,20341,101294,3351,33499,156924,0,32757,3328,104,49,420,4233,24983,139772,405,2482,13804,0,0,0,993,13151,55623,3122,16301,64666,365,170,25447,0,160,341,0,1,9,3724,25561,320688,10424,90185,406216,0,0,0,0,0,0
62,1777,13144,70521,1957,15215,74589,1,2,640,1261,12066,52573,1781,13266,69754,1218,1067,18398,171,2062,4120,5,64,379,28,380,1074,0,139,372,48,253,917,0,0,0,1786,16927,90901,1533,11290,86770,101,749,1474,174,105,139,515,156,252,39,570,1304,314,279,671,206,745,1525,102,1424,2917,110,108,334,56,908,1858,707,533,473,378,121,129,160,101,108,208,206,870,18,43,168,1,10,46,345,803,1712,79,1443,2900,179,519,653,50,798,1818,81,1471,2948,1,39,243,0,18,291,55,75,155,243,160,3221,0,0,1,297,1536,5468,12,999,2097,92,814,3073,7,18,154,2252,20341,101294,3351,33499,157474,0,812,24282,184,239,427,4067,23489,112216,363,1402,16739,0,0,0,993,13151,55623,3323,19452,82460,376,427,21319,12,183,336,0,1,6,3696,22694,301377,10418,90185,409859,0,0,0,0,0,0
63,1777,13144,70521,1957,15215,74589,1,2,655,1262,12066,52115,1778,13148,69796,1218,1067,18400,171,2062,4059,4,55,368,37,348,2521,0,435,339,68,270,1244,0,0,0,1799,17248,90775,1536,11247,86566,100,757,1455,183,94,269,466,989,176,39,470,1305,295,264,666,216,732,1958,82,1468,2800,96,115,165,76,832,1782,733,541,1173,377,108,148,216,78,27,213,210,536,17,71,196,11,7,56,330,807,1680,121,1416,2886,187,188,562,38,586,1788,93,1513,3805,0,32,113,6,20,272,52,86,256,242,248,2538,0,0,0,254,1667,3858,68,1031,2198,99,974,2853,5,25,140,2252,21281,101292,3350,33499,156924,0,3046,2107,77,55,411,4067,21248,112050,540,1802,14878,0,0,0,993,13151,55816,3739,36606,60030,384,168,23105,0,178,333,1,0,0,20546,21829,302839,10424,90185,406216,0,37,0,0,0,0
64,1775,13144,70866,1955,15215,74589,1,2,1087,1262,12066,52115,1781,13148,69807,1218,1067,18400,171,2062,4059,0,76,444,77,298,880,22,158,315,5892,779,1213,0,0,0,1805,17428,90817,1508,11378,86404,171,834,1476,175,129,134,387,154,264,43,468,1329,335,740,667,212,737,1554,90,1850,2887,113,124,182,60,1026,1810,855,548,587,345,108,149,185,66,616,231,194,635,17,69,171,1,8,63,350,822,1694,70,1925,2968,179,183,677,2,1074,1744,155,1491,2944,1,19,118,5,18,289,100,69,142,202,146,2906,0,0,1,295,1564,3699,69,1068,2260,77,872,2929,8,15,203,2252,20341,101294,3351,33499,156924,0,2571,3533,69,38,408,4233,23655,112216,434,1760,13779,0,0,0,993,13151,55623,4232,15488,58738,409,477,20552,17,180,320,0,0,1,3740,21237,303459,10424,90185,406216,0,0,0,0,0,0
65,1777,13161,70521,1957,15215,74589,1,2,686,1262,12066,52115,1781,13148,69806,1218,1067,18439,171,2062,4059,4,53,395,62,310,1452,150,151,304,830,322,1327,0,37,0,1826,17728,90794,1530,11384,91416,110,759,1478,193,125,142,389,142,418,40,574,1322,329,268,708,215,715,1571,87,1347,2830,120,115,169,66,1078,1816,2235,2442,514,306,128,141,227,68,46,211,238,798,31,54,189,8,11,52,330,836,2809,120,1527,2884,174,168,658,26,1000,1694,119,1529,2945,0,34,96,0,37,277,87,78,167,261,165,3289,0,10,0,329,1451,3427,46,1014,2102,124,774,3842,27,18,194,2252,20341,101294,3351,33499,156924,0,3605,12763,99,36,363,3901,24236,118939,436,1843,15514,0,0,0,993,13151,55623,3470,15021,79579,378,163,22621,4,169,405,0,0,0,3688,22159,323338,10424,90185,406216,0,0,0,0,0,0
66,1777,13144,70521,1957,15417,74589,2,2,679,1262,12066,52115,1778,13148,69903,1218,1067,18399,171,2062,4059,2,100,385,73,346,1551,14,126,514,505,281,2652,0,0,0,1820,17335,89997,1525,11362,87641,86,754,1468,168,134,137,405,161,366,40,590,1300,315,392,988,214,665,1519,51,1451,2883,120,117,177,70,1088,1718,1103,668,493,225,277,146,160,61,31,221,136,540,26,109,173,6,8,38,343,803,1785,92,1409,7494,187,175,1066,74,972,1812,145,1510,2884,41,35,108,3,51,242,34,77,113,255,313,3230,0,0,0,278,1489,3549,90,999,2148,73,841,2852,12,20,164,2252,20341,101564,3351,33499,156924,0,2841,2031,47,45,488,3735,28054,112631,569,3292,78452,0,0,0,993,13151,55623,3263,16116,90611,360,2079,22646,10,175,314,0,16,0,3715,21686,305778,10424,90185,406216,0,0,0,0,0,0
67,1775,13144,70521,1955,15215,74589,1,2,641,1262,12066,52115,1781,13148,69795,1218,1067,18399,171,2068,4059,14,107,350,52,340,1279,2,152,307,309,279,1212,0,0,0,1791,16928,91197,1482,11283,87484,98,753,1690,201,141,121,383,170,385,39,580,1319,311,285,1290,220,629,1566,122,1492,3713,109,119,164,46,940,1718,820,698,472,280,157,163,168,81,39,213,164,399,31,47,167,1,11,54,335,840,1712,104,1418,3394,175,165,646,70,930,1868,109,1564,2893,22,28,83,4,18,272,2054,73,166,209,141,2085,0,0,1,249,1420,3656,14,1033,2139,98,672,2866,6,19,198,2252,20341,101294,3351,34064,156924,0,15914,1796,78,58,408,3818,24402,125828,423,2667,31637,0,0,0,993,13151,55623,3116,14886,59939,357,490,28332,12,180,317,0,5,6,3726,21563,303175,10424,93008,406216,0,0,0,0,0,0
68,1777,13144,70521,1957,15215,75174,1,2,641,1262,12066,52115,1781,13148,69789,1218,1067,18400,171,2121,4335,0,47,384,78,396,1141,4,79,346,412,334,677,0,0,0,1858,17029,91154,1535,11256,86471,103,758,1466,161,131,135,480,265,344,41,467,1399,305,288,715,210,698,1517,74,1516,2968,106,115,173,50,1078,1764,651,611,507,366,141,178,108,104,48,257,764,841,25,41,330,9,18,52,354,789,1720,108,1431,3006,184,173,412,68,968,1824,115,1546,2936,15,25,109,1,17,239,278,35,171,245,125,2227,0,0,1,84,2425,4252,111,1038,2184,90,532,2643,12,14,204,2251,20341,101294,3351,33499,159022,0,5787,1927,77,48,431,4233,16683,111552,707,2724,42281,0,0,0,993,13151,55623,2677,15860,59068,350,380,24035,0,186,323,0,1,1,3718,21632,304994,10424,90185,407353,0,0,0,0,0,0
69,1777,13144,70521,1957,15215,74589,1,2,644,1262,12223,52158,1778,13148,69821,1218,1067,18400,171,2062,4059,4,92,414,50,488,1191,11,113,314,463,375,432,0,0,0,1925,16959,91553,1521,11280,85736,107,757,1478,175,149,127,344,165,580,34,471,1285,329,267,698,211,599,1561,106,1454,2854,116,261,235,54,1106,1716,748,635,483,323,112,195,106,100,25,236,169,751,23,42,172,4,13,46,361,860,1749,76,1533,2818,174,166,341,60,1092,1742,109,1505,3270,24,160,195,1,21,277,91,150,461,239,128,1885,0,0,1,144,1501,3716,31,1029,2092,120,481,2789,7,22,155,2252,20341,101294,3351,33499,156924,0,4529,11152,65,60,326,3652,13778,123670,429,10295,28348,0,0,0,993,13151,56273,2902,14783,59763,381,594,24939,16,177,329,0,0,0,3707,23278,308474,10424,90185,406217,0,0,0,0,0,0
70,1777,13144,70641,1955,15215,74589,1,2,639,1261,12066,52115,1781,13148,69825,1218,1067,18400,171,2062,4059,4,77,373,84,1127,1851,8,104,321,474,308,367,0,0,0,1856,17050,91240,1518,11279,85562,95,759,1473,172,376,446,374,153,381,42,517,1316,309,285,617,215,857,1998,82,1438,2928,96,118,178,72,1084,1826,1127,999,593,338,118,131,97,100,135,253,130,655,16,38,186,9,13,70,353,805,1726,105,1500,2915,184,174,365,72,1114,1576,102,2199,3005,11,17,109,23,22,296,41,52,157,208,131,1871,0,0,2,80,1448,3471,57,1066,2496,105,612,2683,26,13,171,2252,20341,101294,3351,33499,156924,0,6241,3051,78,40,338,3569,14276,112216,438,1965,25949,0,0,0,993,13325,55623,3145,15272,81888,386,299,24964,0,159,317,0,0,2,3689,20722,325129,10418,90185,406216,0,0,0,0,0,0
71,1777,13403,70521,1957,15215,74589,2,2,632,1262,12066,52115,1781,13145,69833,1218,1067,18538,171,2062,4059,0,75,471,41,240,1099,13,116,333,398,363,397,0,0,0,1986,17356,91327,1430,11276,86306,98,753,1473,164,145,192,365,853,374,39,454,1289,304,279,686,211,650,1623,96,1498,2892,110,117,170,66,1108,1844,931,2408,457,340,101,110,176,117,58,241,160,592,19,56,200,1,21,62,336,842,1708,77,1443,2910,177,169,359,70,1122,1754,137,1536,2879,18,26,91,19,18,391,44,62,140,198,134,1937,0,0,0,112,1456,3614,62,1000,2129,71,555,3346,10,22,230,2252,20341,101294,3350,33499,156924,0,6098,1789,100,58,375,3984,16766,112465,495,17710,36434,0,0,0,993,13151,55623,3054,14983,58793,365,389,22408,23,180,342,0,2,1,3722,21125,341002,10424,90185,406216,0,0,0,0,0,0
72,1777,13144,70521,1957,15215,74589,1,22,644,1262,12066,52115,1778,13148,69968,1218,1067,18400,171,2062,4059,3,74,361,63,271,1196,6,114,389,384,425,377,0,0,0,1771,17214,92262,1457,11299,86565,91,756,1493,175,142,164,359,167,199,40,463,1360,312,264,697,206,713,1540,118,1477,2910,101,118,165,72,1152,1702,731,362,564,307,117,166,127,410,84,245,220,640,20,53,170,8,7,48,345,822,2044,108,1448,2872,184,175,1290,92,1046,1628,110,1517,2928,15,36,113,4,14,283,65,58,231,244,148,2110,0,0,0,110,1495,3819,35,1042,2200,133,505,2759,8,36,165,2252,20341,101294,3351,33499,156924,0,6856,10758,100,47,607,5312,14525,111303,365,2988,24864,0,0,0,993,13172,55623,3366,14511,63646,348,395,19748,13,182,311,0,1,1,3692,21211,307280,10424,90185,406216,0,0,0,0,0,0
73,1777,13144,70521,1957,15215,74589,2,3,641,1261,12066,52115,1781,13148,69850,1218,1067,18398,171,2062,4059,2,185,396,82,328,1073,5,94,708,440,375,877,0,0,0,1838,17062,93462,1424,11253,85825,87,756,1581,165,132,146,349,174,183,41,517,1236,302,269,1451,211,720,1537,75,1519,3335,118,116,172,58,1060,1790,692,310,544,343,117,167,122,74,50,260,144,660,25,50,154,8,2,58,336,834,1780,91,1445,3718,173,165,486,68,844,1798,82,1528,2859,22,38,101,2,30,265,31,89,176,257,167,2167,0,0,20,106,1409,3792,89,1065,2161,97,1923,2598,3,18,193,2252,20341,102351,3351,33499,156924,0,4536,2179,96,20,437,5229,13114,121844,551,3447,45775,0,0,0,993,13151,55623,3219,51542,82314,355,377,18896,0,216,327,0,0,0,3810,23568,301077,10418,90185,406216,0,0,37,0,0,0
74,1777,13144,70521,1957,15215,74723,1,2,637,1262,12066,52115,1781,13148,69858,1217,1104,18399,171,2062,4059,2,57,437,70,189,1339,17,208,357,485,334,377,0,0,37,1840,17126,92488,1367,11937,85882,102,754,1474,184,136,140,344,182,182,41,482,1314,328,274,675,213,726,1789,103,1449,2837,109,108,162,68,1136,1774,736,359,629,363,134,253,210,69,121,244,176,715,26,44,248,4,1,45,369,1406,1746,67,1508,3118,186,176,378,72,1128,1820,94,1519,3012,18,21,113,12,19,273,121,80,194,239,331,2130,0,0,2,157,1421,3720,22,1113,2182,108,662,2716,8,16,209,2251,20341,101294,3350,33499,156924,0,3312,2287,95,31,958,4067,13695,140104,518,2201,41848,0,0,0,993,13151,55623,3015,15106,59011,368,406,33798,15,170,310,0,1,9,3738,21349,317004,10424,90185,406216,0,0,0,0,0,0
75,1775,13144,70521,1955,15215,74589,2,2,640,1262,12066,52512,1777,13435,69849,1217,1067,18410,171,2062,4120,0,102,365,35,263,1562,17,171,364,464,295,381,0,0,0,1744,16930,92364,1387,11297,85801,87,758,1477,171,133,139,365,182,255,41,501,1361,315,266,670,213,740,1874,97,1466,2875,104,110,290,72,1098,1700,704,306,514,387,142,155,180,66,50,269,213,1465,25,50,181,3,2,56,339,741,1678,125,1464,3059,185,321,475,56,1020,1658,140,1501,2930,14,22,129,3,14,266,211,98,177,710,252,2094,0,0,0,77,1495,5371,70,1002,2109,129,971,2793,4,20,193,2252,20341,101294,3351,33499,157332,0,1133,20150,64,88,633,3984,16517,113544,938,2799,43476,0,0,0,993,13151,55623,3312,21087,64144,365,361,19219,0,184,335,0,2,4,3722,21791,297997,10424,90185,410015,0,0,0,0,0,0
76,1777,13144,70521,1957,15215,74589,1,2,650,1262,12066,52115,1781,13148,69850,1381,1067,18402,171,2062,4059,0,109,400,27,196,2404,18,229,498,453,278,371,0,0,0,1851,17153,92759,1514,11298,85262,99,750,1468,169,135,243,373,167,173,42,489,1259,311,281,675,213,700,1841,122,1441,2877,112,118,171,64,1060,1790,977,294,622,374,138,147,138,62,30,221,174,645,23,49,158,0,3,49,350,848,1733,75,1549,2971,178,178,476,72,976,1856,116,1512,3794,14,19,257,4,18,260,136,92,304,253,386,2182,0,0,5,135,1424,3474,60,989,2219,101,932,2777,7,16,186,2252,20585,101294,3351,33499,156924,0,1893,15448,83,79,930,4233,13446,115204,741,2851,24555,0,0,0,993,13151,55792,3230,15425,64345,360,393,18860,18,156,287,0,0,2,4387,20735,310396,10424,90185,406216,0,0,0,0,0,0
77,1777,13144,70927,1957,15215,74589,1,2,1105,1262,12066,52115,1781,13148,69871,1217,1067,18414,171,2062,4059,5,210,374,30,210,1343,7,208,337,407,1222,412,0,0,0,1824,17280,93041,1484,11311,85815,91,965,1714,179,127,141,359,214,170,42,445,1218,313,451,686,218,649,1696,103,2189,2861,113,104,165,66,1092,1852,733,530,970,355,116,162,160,55,438,239,196,630,24,34,191,8,4,79,346,756,1938,120,2396,2933,173,168,392,44,1082,1802,93,1472,2894,17,24,98,0,20,273,67,101,167,216,207,3224,0,0,1,91,1440,3441,46,1020,2126,119,825,2677,5,17,188,2252,20341,101294,3351,33499,156924,0,914,2310,101,113,754,4150,14110,127156,600,4885,28204,0,0,0,993,13151,55623,3042,14825,82551,355,408,18740,13,182,320,0,0,2,3740,22476,301813,10424,90185,406216,8,0,0,0,0,0
78,1777,13144,70521,1955,15215,74589,2,2,707,1261,12066,52115,1781,13148,69855,1217,1067,18443,171,2062,4059,2,224,391,43,504,1280,9,100,336,443,462,326,0,0,0,1854,17550,92972,1512,11285,89789,89,771,1895,170,133,135,364,180,427,35,453,1213,303,235,841,217,765,1630,80,1498,2851,114,107,170,70,1082,1792,731,280,552,387,78,159,194,91,41,271,194,721,22,37,165,9,2,50,351,841,2748,96,1483,2850,178,164,628,56,890,1928,160,1483,2868,19,23,102,7,21,267,82,44,118,216,159,3438,0,2,2,92,1543,3610,94,1058,2139,106,927,4181,11,13,226,2252,20341,101294,3351,33499,156923,0,2231,1963,104,67,750,4150,13280,112382,589,7540,36707,0,0,0,993,13151,55623,3270,17066,69350,364,412,18884,0,174,334,0,3,1,3668,20614,307237,10418,90185,406216,0,0,0,0,0,0
79,1777,13144,70521,1957,15767,74589,1,2,691,1262,12066,52115,1781,13148,69871,1217,1067,18837,171,2062,4059,5,191,366,42,387,1158,5,112,488,345,266,374,0,0,0,1808,17115,92901,1524,11361,87142,93,767,1480,168,123,130,364,977,186,39,398,1197,300,268,709,339,720,1906,137,1455,2932,115,109,171,62,1074,1550,751,281,1077,308,84,156,164,117,40,257,187,717,27,161,202,0,4,60,345,796,1707,97,1435,2955,176,169,756,72,1060,1834,138,1517,2923,22,31,96,3,20,264,122,42,134,221,162,3541,0,0,0,74,1499,3397,14,1028,2190,146,857,2502,4,14,188,2252,20341,101533,3350,33499,156924,0,18165,1824,70,33,1058,4150,15189,112382,390,2511,31083,0,0,0,993,13151,55623,3312,15033,71943,354,838,18684,18,176,348,0,40,2,3688,21208,311683,10424,90185,406216,0,0,0,0,0,0
80,1777,13144,70521,1957,15215,74589,1,2,651,1262,12066,52115,1781,13148,69804,2003,1067,18801,171,2062,4059,0,238,385,74,209,1304,0,110,361,463,263,1376,0,0,0,1809,17287,93316,1522,11304,86300,98,758,1709,178,130,138,456,168,184,39,449,1172,335,264,908,220,637,1614,78,1432,3581,124,118,200,66,1136,1798,859,260,1712,253,73,154,139,74,32,259,213,670,21,44,197,6,2,48,349,805,1822,110,1521,4360,178,160,398,72,1054,1622,153,1460,3001,12,28,131,3,16,281,76,16,124,4916,155,3006,0,0,8,61,1450,3495,116,979,2155,108,813,2433,2,24,161,2252,20341,101294,3351,35167,156924,26,5912,19507,376,43,900,4067,14525,111054,476,2308,34890,0,0,0,993,13151,55623,3043,15816,60506,359,368,18818,0,163,313,0,0,2,3753,20990,304843,10424,90185,406216,0,0,0,0,0,0
81,1777,13144,70521,1957,15215,75218,1,2,637,1261,12066,52115,1781,13148,69818,1211,1067,18395,171,2323,4320,5,179,450,42,263,991,9,139,330,469,229,416,0,0,0,1847,16942,92810,1527,11262,86413,100,763,1479,179,120,132,353,364,159,33,504,1262,303,272,696,209,721,1461,123,1480,2869,111,119,166,56,940,1876,1182,257,833,327,101,175,166,75,38,239,399,604,37,44,353,3,4,59,342,774,1825,87,1479,2914,176,170,343,66,882,1702,117,1471,2940,16,27,127,3,27,271,57,29,104,838,138,3298,0,0,0,144,1871,3397,27,1005,2178,169,870,2609,5,17,142,2253,20341,101294,3351,33499,158790,0,6006,15692,180,55,891,3818,13197,139606,628,20666,29341,0,0,0,993,13151,55623,3385,15088,75212,365,363,19339,15,166,319,0,0,22,6152,22506,312325,10418,91308,407033,0,0,0,0,0,0
82,1777,13144,70521,1957,15215,74589,1,2,648,1262,12132,52163,1781,13148,69831,1211,1067,18395,171,2062,4059,0,238,368,35,198,1204,0,105,295,470,188,424,0,0,0,1772,17277,92391,1535,11318,86156,90,754,1467,206,131,132,344,159,338,43,376,1209,302,258,662,216,684,1568,85,1449,2884,114,181,262,64,1072,1858,813,307,623,333,78,144,108,106,30,269,252,906,29,50,170,11,4,59,351,840,1867,303,1497,2959,185,164,349,62,1116,1778,87,1613,2857,27,107,176,0,17,288,73,105,521,358,339,2872,0,0,2,85,1495,3955,102,1033,2130,209,780,2519,3,32,149,2251,20341,101294,3350,33499,156924,0,6378,2266,327,54,827,3569,13197,126160,600,2270,47289,0,0,0,993,13151,56273,5884,15275,58801,357,271,20207,2,176,306,0,0,3,6250,21791,304431,10424,90185,406216,0,8,8,0,0,0
83,1775,13144,70617,1957,15215,74589,2,2,641,1262,12066,52115,1781,13148,69834,1211,1067,18395,171,2062,4059,0,192,453,38,230,2016,11,93,272,466,268,448,0,0,0,1839,17190,93199,1553,11313,85386,93,756,1471,169,225,436,345,154,185,42,534,1177,303,323,674,221,880,2208,108,1520,2811,127,105,171,70,1086,1770,753,283,901,281,96,100,145,70,107,272,183,743,39,44,157,7,7,71,349,821,1663,1483,1435,2998,170,173,317,76,1090,1804,158,1797,3176,25,45,105,6,18,271,57,397,156,593,152,3152,0,0,0,108,1452,3389,79,1266,2437,192,923,2640,4,17,195,2252,20341,101294,3351,33499,156924,0,11061,14957,70,45,968,3154,13031,159111,647,2645,19595,0,0,0,993,13760,55623,3288,15450,58475,365,416,29685,17,173,307,0,0,1,4382,23295,323300,10424,90185,406216,0,0,0,0,0,0
84,1777,13226,70521,1957,15238,74589,1,2,665,1261,12066,52115,1781,13148,69827,1210,1067,18393,171,2062,4059,3,217,427,38,563,1527,95,136,361,551,274,404,0,0,0,1795,17190,93121,1528,11281,85607,93,753,1469,178,131,131,367,155,326,28,502,1223,299,293,702,216,673,1584,78,1458,2837,99,107,171,72,1118,1760,2365,373,793,300,114,119,548,67,80,229,203,690,43,40,153,0,0,45,354,773,1711,376,1469,3100,186,170,333,70,1100,1758,100,1471,2852,27,25,92,0,18,276,84,69,186,281,163,2809,0,0,0,98,1484,3476,37,1046,2125,125,923,3122,11,14,153,2252,20341,101294,3351,33499,156924,0,12412,2723,176,50,918,3320,14027,166747,627,2898,24980,0,0,0,993,13151,55623,3037,15526,58753,375,401,25892,20,175,375,0,0,1,6796,62422,360061,10418,90185,406216,0,0,0,0,0,0
85,1777,13144,70521,1957,15216,74589,1,3,635,1262,12066,52115,1778,13148,69939,1211,1067,18516,171,2062,4059,2,333,390,65,270,1534,87,87,326,1711,323,433,0,0,0,1871,17050,90996,1567,11237,86887,91,754,1473,164,115,133,379,162,218,41,492,1211,287,289,681,213,563,1571,79,1459,2900,116,108,172,62,860,1772,1208,461,567,295,103,197,165,199,59,259,206,775,25,43,221,3,26,51,351,832,2070,116,1419,2927,173,168,975,60,1068,1738,129,1541,2891,18,14,106,5,15,266,90,71,275,237,150,3210,0,0,1,101,1446,3513,87,1051,2225,89,840,2469,5,36,154,2251,20341,101294,3350,33499,156924,0,8311,3730,83,54,1380,4399,13031,169154,572,2400,29541,0,0,0,993,13151,55623,11783,15575,74539,351,427,19565,1,165,321,0,0,1,8129,21331,315102,10424,90185,406216,0,0,0,0,0,0
86,1775,13144,70521,1955,15215,74589,1,2,650,1262,12066,52115,1781,13148,69862,1211,1067,18395,171,2062,4059,8,188,387,39,205,1314,36,132,580,5495,337,596,0,0,0,1832,17197,90759,1537,11279,86394,93,760,1599,175,119,126,373,175,180,40,550,1204,337,287,1206,209,730,1481,110,1492,3205,116,115,173,60,1046,1806,1936,300,527,323,130,146,175,64,26,242,185,498,25,35,161,3,4,50,354,826,1730,107,1438,3635,180,168,367,58,1088,1810,99,1489,2917,10,20,80,2,73,284,79,63,289,182,132,3753,0,0,0,98,1462,3419,30,999,2117,96,1425,2516,2,14,130,2252,20341,102359,3351,33499,156924,0,4607,3017,93,78,990,3403,13114,145416,739,3600,19585,0,0,0,993,13151,55623,3122,90368,75924,368,352,18742,13,187,337,0,0,0,3708,25731,320679,10424,90185,406216,0,0,37,0,0,0
87,1777,13144,70521,1957,15215,74746,1,2,640,1262,12066,52115,1781,13148,69874,1211,1186,18395,171,2062,4059,7,59,348,62,248,1101,67,169,327,1149,306,439,0,0,37,1778,17061,92539,1516,11490,85746,94,760,1462,188,137,135,380,867,173,41,539,1189,630,263,675,220,755,1559,86,1463,2885,121,102,169,66,960,1806,770,272,618,325,78,187,197,109,33,203,171,637,27,49,261,4,2,53,344,1102,1702,111,1501,3003,173,171,489,42,1124,1812,111,1494,2881,16,22,96,1,44,233,75,54,253,240,148,3043,0,0,33,65,1450,3522,101,1050,2199,115,773,2617,6,15,168,2252,20341,101295,3351,33499,156924,0,5791,44985,125,22,1055,3486,13197,142345,610,991,33749,0,0,0,993,13151,55623,2963,14578,58821,364,463,30273,0,178,314,0,0,7,3780,23637,309957,10424,90185,406216,0,0,0,0,0,0
88,1777,13144,70521,1957,15215,74589,2,2,648,1262,12066,52115,1778,13229,69877,1210,1067,18395,171,2062,4114,12,85,351,48,192,1012,61,181,377,573,280,437,0,0,0,1904,17139,91810,1443,11297,85226,99,752,1473,179,133,145,373,186,254,42,584,1213,325,255,867,225,766,1613,102,1411,2839,164,119,166,54,1104,1792,668,267,772,274,86,135,186,68,60,204,229,1398,18,44,213,0,4,63,352,801,1705,89,1465,2987,182,502,415,56,1012,1736,107,1504,2909,20,32,138,5,17,254,53,75,223,290,121,2391,0,0,0,105,1568,5368,36,1042,2100,85,879,2686,4,18,176,2251,20341,101294,3351,33499,157474,0,2525,3998,47,211,908,3735,40172,113876,598,2365,18294,0,0,0,993,13151,55623,3389,19521,58108,376,379,21863,18,189,334,0,0,0,3708,21651,306132,10424,90185,411020,0,0,0,0,0,0
89,1775,13144,70521,1955,15215,74589,1,2,648,1261,12066,52349,1781,13148,69865,1211,1067,18395,171,2062,4059,4,107,448,50,156,931,18,490,359,550,300,428,0,0,0,1885,17159,92485,1532,11251,84701,85,754,1475,180,137,238,358,180,176,43,537,1159,342,285,1014,211,734,1857,96,1447,2875,133,120,288,68,1050,1846,729,287,685,283,78,144,194,69,45,197,177,696,20,47,183,7,4,42,339,808,1728,64,1486,2938,173,196,326,54,1056,1752,72,1479,3825,10,20,232,6,19,256,67,82,435,265,234,2657,0,0,0,87,1468,3985,50,1027,2266,115,970,2654,6,16,183,2252,21281,101294,3351,33499,156924,0,953,4260,81,24,1111,3403,13197,112963,1161,1906,21222,0,0,0,993,13151,55805,3005,16884,97823,351,417,20759,6,180,305,1,0,2,3738,21544,307328,10424,90185,406216,8,37,0,0,0,0
90,1777,13144,71184,1957,15215,74589,2,2,1262,1262,12066,52115,1781,13148,69868,1211,1067,18395,171,2062,4059,15,165,412,76,245,2358,34,179,275,423,725,423,0,0,0,1827,17363,92707,1392,11275,85737,91,758,1464,162,135,140,367,169,188,42,346,1217,333,717,763,212,732,1496,85,1787,2888,134,128,167,26,1098,1676,1076,257,1327,292,82,179,193,108,282,228,153,721,21,43,171,7,3,61,341,824,1752,110,1770,2893,176,171,356,70,1024,1758,133,1532,2999,13,14,84,1,18,293,71,79,268,287,307,3074,0,1,0,99,1435,3965,59,998,2146,72,816,2632,6,18,198,2252,20341,101294,3351,33499,156924,0,869,3243,99,32,855,3901,13197,112216,3427,3820,27544,0,0,0,993,13151,55623,3185,18828,63521,368,418,19373,0,163,342,0,0,2,3814,22405,304876,10424,90185,406216,0,0,0,0,0,0
91,1777,13144,70521,1957,15215,74589,1,2,744,1262,12066,52115,1778,13148,69871,1211,1067,18451,171,2062,4060,3,209,394,50,240,800,56,98,295,435,304,584,0,37,0,1774,17808,92775,1532,11267,88827,90,837,1471,170,132,138,357,169,178,37,479,1205,323,274,670,205,747,1579,1144,1446,2912,257,120,171,66,1114,1788,1054,260,509,260,89,146,175,89,38,255,203,729,42,38,196,5,3,52,348,817,2380,72,1460,2876,178,179,330,28,1082,1686,86,1491,2929,13,14,85,8,15,330,78,42,218,230,158,3343,0,13,0,80,1457,3743,48,994,2139,139,915,4055,26,26,169,2252,20341,101294,3351,33499,156924,0,2305,2335,87,52,1067,3486,13695,112382,380,37798,42958,0,0,0,993,13151,55623,3233,17981,59878,5543,413,19194,14,173,375,0,0,0,3736,20957,368246,10424,90185,406216,0,0,0,0,0,0
92,1777,13144,70538,1955,15417,74589,1,2,747,1261,12066,52115,1781,13148,69921,1210,1067,18395,171,2062,4059,0,312,333,17,435,740,89,111,504,500,402,1194,0,0,0,1825,17100,92792,1425,11271,86875,336,752,1475,175,137,129,368,174,174,41,539,1232,307,260,704,208,695,1541,194,1425,2895,105,119,164,64,1026,1686,933,284,494,260,136,151,148,91,31,272,235,759,30,96,205,6,4,56,346,782,1798,239,1498,2886,189,166,536,26,1122,1830,101,1535,2885,18,15,100,2,21,246,65,48,321,217,130,3406,0,0,0,85,1441,3673,77,1036,2131,84,829,2527,46,24,181,2252,20341,101563,3351,33499,156924,0,605,1569,93,51,1204,7885,17513,111137,786,33164,23905,0,0,0,993,13151,55623,2940,17375,74321,1114,1863,19110,0,179,279,0,10,1,3706,20811,304079,10418,90185,406216,0,0,0,0,0,0
93,1777,13144,70521,1957,15215,74589,1,2,687,1262,12066,52115,1781,13148,69795,1211,1067,18394,171,2062,4059,2,121,346,61,189,737,49,133,351,594,372,2646,0,0,0,1817,17161,92955,1518,11287,86293,140,758,1720,207,139,135,353,166,171,41,596,1193,316,250,1367,214,751,1554,92,1444,3727,102,114,172,58,1050,1796,751,448,700,284,81,159,128,49,29,254,192,745,28,53,198,2,3,57,339,835,1705,182,1481,4124,171,175,376,70,1100,1812,127,1486,2905,17,18,112,7,31,270,51,64,330,227,143,2593,0,0,2,85,1461,3721,18,1075,2096,105,940,2646,49,20,185,2251,20341,101294,3350,34064,156924,0,5374,11570,85,34,796,3984,12865,120433,423,2321,15243,0,0,0,993,13151,55623,2939,16014,86632,684,505,23110,15,188,357,0,0,2,3739,21751,316436,10424,90185,406216,0,0,0,0,0,0
94,1777,13144,70521,1957,15215,75509,1,2,644,1262,12066,52115,1781,13148,69821,1211,1067,18395,171,2120,4065,6,302,373,44,228,920,39,166,324,562,222,1288,0,0,0,1812,16997,93051,1536,11266,85816,108,758,1459,194,144,147,353,244,180,42,493,1266,322,280,1210,217,745,1522,124,1454,2930,103,135,168,68,1098,1692,720,296,655,304,129,170,171,71,16,237,734,737,32,47,353,7,5,64,347,818,1739,159,1508,3079,179,165,338,70,1110,1748,150,1496,2865,21,29,95,1,18,257,88,42,262,220,128,2009,1,0,1,57,2401,3550,92,1010,2092,94,718,2531,6,16,166,2252,20341,101294,3351,33499,158954,0,309,18704,103,119,837,3984,13197,170897,799,1736,14839,0,0,0,993,13151,55623,3232,18038,58162,439,153,18932,1,168,306,0,0,18,3752,22010,311748,10424,93008,406216,0,0,0,0,0,0
95,1777,13144,70521,1957,15215,74589,2,2,653,1261,12223,52179,1781,13148,69843,1211,1067,18394,171,2062,4336,5,177,386,43,211,1135,56,119,357,617,230,1086,0,0,0,1858,17139,92925,1510,11398,86399,94,757,1476,169,122,169,354,172,329,37,577,1192,322,275,786,214,730,1508,72,1504,2893,112,237,300,68,1086,1784,697,336,675,317,126,151,138,71,130,275,223,936,33,43,179,4,2,53,341,807,1705,145,1441,3023,172,175,340,62,1000,1658,144,1551,2872,23,138,185,2,18,255,89,41,292,398,161,2432,0,0,0,90,1498,4410,24,1013,2148,87,769,2512,10,19,163,2252,20341,101294,3351,33499,156924,0,569,5150,123,103,588,4067,14193,180027,402,2626,13041,0,0,0,993,13151,55623,3321,14835,58080,658,371,19272,24,160,315,0,1,2,4117,22118,318109,10418,90185,407310,0,0,0,0,0,0
96,1777,13144,70641,1957,15215,74589,2,2,647,1262,12066,52115,1781,13148,69874,1210,1067,18394,171,2062,4059,6,84,377,70,216,1514,40,129,329,389,217,1060,0,0,0,1878,17168,92141,1543,11272,85864,110,753,1479,180,344,406,363,1220,176,41,561,1212,306,287,677,213,903,2400,135,1444,2892,99,200,265,66,1142,1856,972,431,803,343,105,158,178,50,249,228,272,535,32,35,175,5,15,48,387,673,1732,85,1457,2935,173,169,348,68,936,1834,131,2158,3204,13,19,126,4,20,268,93,152,854,250,137,3318,11,0,0,87,1455,3484,87,1169,2484,127,1048,2371,4,25,149,2251,20341,101294,3350,33499,156924,0,284,1799,572,65,788,3735,20584,118773,586,3380,23939,0,0,0,993,13377,56229,3081,16077,60086,506,104,18697,17,169,335,0,0,4,3734,22461,317830,10424,90185,406216,0,0,0,0,0,0
97,1775,13403,70521,1957,15215,74589,1,3,651,1262,12066,52115,1781,13148,69865,1211,1067,18395,171,2062,4059,11,146,426,53,901,886,38,168,331,378,243,1138,0,0,0,2040,17094,92517,1539,11301,86338,94,756,1482,170,245,144,381,177,161,43,590,1194,309,284,666,210,746,1734,106,1550,2889,106,114,174,68,1046,1906,954,712,597,296,42,150,152,58,324,276,206,333,24,32,161,7,18,78,354,842,1683,166,1458,2896,167,179,470,58,1050,1690,127,1544,2897,23,25,82,17,20,303,57,43,253,242,139,2972,0,0,0,95,1403,3446,74,1157,2206,63,852,2923,7,6,194,2252,20341,101294,3351,33499,156924,3899,49470,2134,78,31,840,3652,20584,110307,561,3883,35881,0,0,0,993,13151,55623,3025,14829,92468,869,360,19209,0,182,338,0,0,2,3698,22059,328309,10424,90185,406216,0,0,0,0,0,0
98,1777,13144,70521,1957,15215,74589,1,10,647,1262,12066,52115,1781,13148,69939,1211,1067,18496,171,2062,4059,5,109,394,52,334,752,56,144,368,418,272,1358,0,0,0,1882,17546,92858,1514,11277,85889,100,751,1470,173,185,159,389,179,174,40,578,1217,315,270,730,214,745,1498,108,1428,2792,94,119,167,50,1124,1596,767,370,519,269,66,153,161,411,270,258,239,311,25,39,161,1,22,64,353,806,2326,92,1515,2938,185,171,884,68,884,1852,135,1487,2901,8,20,89,6,21,285,37,60,262,238,300,1327,0,0,3,94,1518,3734,40,1032,2115,125,906,2418,9,36,162,2252,20341,101294,3351,33499,156901,2577,875,20484,77,39,1270,3818,20667,120682,446,3151,15165,0,0,0,993,13151,55623,2944,12640,61660,895,120,17194,11,179,318,0,0,1,3955,22817,312960,10418,90185,406216,0,0,0,0,0,0
99,1777,13144,70521,1957,15215,74589,1,2,643,1276,12066,52115,1781,13148,69861,1211,1067,18395,171,2062,4059,1,61,341,75,295,848,64,133,673,471,352,2290,0,0,0,1765,17046,93174,1541,11279,85709,99,758,1465,167,133,135,368,152,174,39,600,1218,291,282,3729,218,695,1601,122,1487,2824,108,119,156,48,1036,1796,783,349,1559,303,72,151,169,103,111,242,222,223,35,23,148,5,15,40,345,847,1799,116,1441,3676,171,175,486,22,1026,1620,110,1554,2883,15,33,94,2,31,257,42,63,222,388,213,601,0,0,1,88,1442,3929,91,1033,2113,118,2045,2553,6,11,157,2251,20341,102706,3350,33499,156924,0,1745,2386,59,72,911,3735,20169,149981,426,2718,13651,0,0,0,993,13151,55644,3721,41447,94141,762,351,18782,1,198,300,2,1,2,3737,23305,310638,10424,90185,406216,0,0,37,0,0,0
100,1775,13144,70521,1955,15215,74786,2,2,648,1262,12066,52115,1781,13148,69855,1210,1103,18395,171,2062,4059,1,113,350,49,291,670,72,193,316,407,399,1543,0,0,37,1903,17124,92463,1505,11791,85508,210,753,1545,163,136,129,382,158,178,38,591,1167,303,267,2025,229,697,1917,81,1468,3086,104,111,167,56,1058,1860,727,349,603,266,69,220,170,80,29,207,156,227,36,22,274,2,28,49,348,1349,1688,86,1455,2988,170,166,420,66,1054,1856,110,1542,2890,20,37,104,12,18,249,38,57,184,271,132,287,0,0,22,107,1476,3840,17,1000,2204,126,864,2544,7,13,156,2252,20341,101294,3351,33499,156924,0,1809,11137,53,50,815,5063,44073,126907,284,7775,37912,0,0,0,993,13151,55623,2972,16718,80572,1020,118,25415,16,164,332,0,52,1,3676,23026,315642,10424,90185,406216,0,0,0,0,0,0
