application,data_structure,PAPI_BR_CN,PAPI_BR_INS,PAPI_BR_MSP,PAPI_BR_NTK,PAPI_BR_PRC,PAPI_BR_TKN,PAPI_BR_UCN,PAPI_CA_CLN,PAPI_CA_ITV,PAPI_CA_SHR,PAPI_CA_SNP,PAPI_DP_OPS,PAPI_FUL_CCY,PAPI_FUL_ICY,PAPI_L1_DCM,PAPI_L1_ICM,PAPI_L1_LDM,PAPI_L1_STM,PAPI_L1_TCM,PAPI_L2_DCA,PAPI_L2_DCM,PAPI_L2_DCR,PAPI_L2_DCW,PAPI_L2_ICA,PAPI_L2_ICH,PAPI_L2_ICM,PAPI_L2_ICR,PAPI_L2_LDM,PAPI_L2_STM,PAPI_L2_TCA,PAPI_L2_TCM,PAPI_L2_TCR,PAPI_L2_TCW,PAPI_L3_DCA,PAPI_L3_DCR,PAPI_L3_DCW,PAPI_L3_ICA,PAPI_L3_ICR,PAPI_L3_LDM,PAPI_L3_TCA,PAPI_L3_TCM,PAPI_L3_TCR,PAPI_L3_TCW,PAPI_LD_INS,PAPI_LST_INS,PAPI_MEM_WCY,PAPI_PRF_DM,PAPI_REF_CYC,PAPI_RES_STL,PAPI_SP_OPS,PAPI_SR_INS,PAPI_STL_CCY,PAPI_STL_ICY,PAPI_TLB_DM,PAPI_TLB_IM,PAPI_TOT_CYC,PAPI_TOT_INS,PAPI_VEC_DP,PAPI_VEC_SP
10:java.util.ArrayList,java.util.ArrayList,5329.0,6989.0,3.0,4087.0,5104.0,1105.0,1663.0,7.0,52.0,44.0,60.0,0.0,7994.0,9242.5,284.0,267.0,177.0,106.0,572.0,491.0,307.5,128.0,188.0,350.0,303.0,13.0,328.0,8.0,5.0,713.0,309.5,380.5,186.0,303.5,2.0,6.0,10.0,9.0,0.0,313.0,176.0,308.5,6.0,13720.0,17575.0,30.0,171.5,15106.0,2190.0,0.0,3932.5,12708.0,3283.5,2.5,5.0,24645.5,37429.0,0.0,0.0
1144:java.util.LinkedList,java.util.LinkedList,5007.0,6752.0,12.0,4136.0,5007.5,895.0,1636.0,6.5,58.0,44.0,62.5,0.0,8527.5,9493.0,274.0,252.0,161.5,117.0,557.5,497.0,340.5,129.5,214.0,359.0,323.0,10.0,316.0,8.0,6.0,748.0,348.0,381.5,214.0,344.5,2.5,6.0,11.0,10.0,0.0,339.5,197.0,362.0,6.0,13854.5,18289.5,0.0,190.0,15521.0,1951.0,0.0,4418.5,12612.0,3825.5,2.0,7.0,25068.5,38639.5,0.0,0.0
11:java.util.ArrayList,java.util.ArrayList,34998.0,38444.0,55.5,30546.5,35487.5,4603.0,2973.5,11.0,79.0,60.5,95.5,0.0,37270.5,28743.5,405.0,279.0,224.5,144.0,711.5,653.5,427.0,195.5,257.0,417.0,320.0,17.0,322.0,10.0,7.0,877.0,439.0,474.0,258.0,452.0,6.0,8.0,20.0,23.5,0.0,445.0,236.0,439.0,8.0,58544.0,64909.0,13.0,239.0,44944.5,3487.0,0.0,6889.0,23533.0,7017.5,5.5,4.0,72501.0,188152.5,0.0,0.0
1217:java.util.LinkedList,java.util.LinkedList,4912.0,6433.0,11.0,3931.5,4914.0,990.0,1518.0,8.0,41.0,35.5,47.5,0.0,8318.0,9626.5,233.0,194.0,130.5,119.0,459.0,508.0,320.0,95.5,220.0,271.0,259.0,6.0,254.5,5.0,5.0,564.0,329.0,280.0,220.0,330.0,3.0,5.0,6.0,5.0,0.0,328.0,198.0,321.5,6.0,13331.0,17597.0,0.0,184.0,18426.0,2032.5,0.0,4267.0,13696.5,4017.5,1.0,4.0,26340.5,37271.0,0.0,0.0
12:java.util.ArrayList,java.util.ArrayList,144663.5,160635.5,118.0,119887.5,144541.5,24753.0,15908.0,25.5,134.0,86.0,163.5,0.0,161094.0,100140.0,466.5,363.5,240.0,184.5,874.0,768.0,575.5,199.5,305.0,493.0,420.5,40.0,434.0,18.0,16.5,1107.5,615.5,580.0,302.0,597.5,12.0,14.5,33.5,36.0,0.0,587.5,323.0,573.0,18.0,264570.0,290849.5,453.0,306.0,132634.0,11123.5,0.0,26365.0,28753.0,4306.5,4.0,4.0,212288.5,800710.0,0.0,0.0
13:java.util.ArrayList,java.util.ArrayList,7.33014755E7,9.0417681E7,1080.0,9.4219791E7,3.09566865E7,1212304.0,2206440.0,102368.0,4322510.5,8699232.5,322843.5,0.0,1.072352305E8,6.8626901E7,3616862.5,8053.5,241681.0,119521.0,2386665.5,1410971.5,1.31696685E7,2197356.5,94457.0,990.0,142.5,2012.0,3507.0,1519130.0,20232.0,2419933.0,2.044635E7,2484724.0,125706.0,5577171.5,686922.0,49201.0,3517.0,1145.5,54.0,1.3483666E7,68069.5,1.95140065E7,111850.0,1.79428302E8,8.7599406E7,1446905.0,1225678.0,3.2059746E7,2.28726275E7,0.0,8475204.0,1.2396265E7,111200.0,1004.5,149.0,4.8791088E7,5.07716016E8,0.0,0.0
1481:java.util.LinkedList,java.util.LinkedList,4620.0,5910.0,30.0,3814.0,4604.0,818.0,1288.0,6.0,47.0,27.0,30.5,0.0,7127.0,9091.0,179.0,163.0,109.0,95.0,366.0,408.0,244.0,80.0,174.0,229.0,206.0,3.0,204.0,5.0,5.0,491.0,261.5,240.0,178.0,243.0,2.0,4.0,3.0,4.5,0.0,269.0,155.5,277.5,5.0,12089.5,15742.5,0.0,144.0,16600.0,2025.5,0.0,3652.0,13779.0,4219.5,1.0,6.0,24560.5,33271.0,0.0,0.0
14:java.util.ArrayList,java.util.ArrayList,3.53166995E7,3.8549249E7,2475.5,3.91351055E7,2.26775585E7,1196057.0,144307.0,3402.0,7790943.0,9780598.5,960083.0,0.0,3.7288141E7,2.412447E7,7727409.0,3086.0,2385455.5,3582.5,6538357.0,5132481.0,1.4174598E7,5503068.5,1299.0,1277.0,406.0,1407.0,1884.0,1676325.0,1303.5,6510530.0,1.63696735E7,6005599.5,1280.0,8262636.5,2184685.0,2106.0,2039.5,1148.5,3.0,1.2669502E7,1978.0,2.1438807E7,1008.0,5.90628225E7,3.96613635E7,6611.0,2164147.5,2.5211831E7,2.11424035E7,0.0,335233.0,1.4940648E7,41750.5,54.0,65.0,3.34660205E7,1.9415594E8,0.0,0.0
15:java.util.ArrayList,java.util.ArrayList,233107.0,249149.0,176.0,198075.5,232986.5,35140.0,16039.0,65.0,243.5,120.0,265.0,0.0,235781.0,139535.5,626.0,425.0,242.0,324.0,1052.5,940.0,1009.5,191.5,521.0,507.0,384.0,61.0,436.0,15.0,39.5,1303.5,1064.5,626.5,511.0,1007.0,14.0,40.0,63.5,57.0,0.0,1015.5,617.5,998.0,37.5,380000.5,410391.0,1642.5,525.5,200237.5,12539.0,0.0,30226.0,29737.5,3936.5,15.0,4.0,301288.5,1211787.0,0.0,0.0
16:java.util.ArrayList,java.util.ArrayList,338909.0,348254.0,215.5,297881.0,338562.5,41073.0,9467.5,30.0,211.5,117.0,247.0,0.0,306037.5,175759.0,594.5,486.5,304.0,239.0,1058.0,995.5,766.5,255.0,388.0,534.0,424.5,59.5,488.5,18.0,21.5,1373.5,823.5,735.0,386.0,773.0,14.0,22.0,60.0,59.0,0.0,789.0,414.5,777.5,23.5,483245.0,501362.5,469.0,405.0,267301.5,7146.5,0.0,18083.5,32136.5,5471.0,15.0,6.0,390922.5,1641447.5,0.0,0.0
17:java.util.ArrayList,java.util.ArrayList,18340.0,19825.0,24.0,15992.5,18330.0,2357.0,1489.0,6.0,53.5,37.0,52.5,0.0,18951.5,14886.5,283.0,285.0,166.0,96.0,606.5,567.0,280.0,136.0,166.0,408.0,358.0,14.0,324.0,10.5,4.0,794.0,283.0,434.5,164.0,287.5,3.5,4.0,15.0,11.0,0.0,287.5,152.0,292.0,4.0,30435.0,34114.5,19.0,166.0,26394.0,1973.5,0.0,3673.5,12497.5,3551.5,1.0,4.5,38429.0,97872.5,0.0,0.0
18:java.util.ArrayList,java.util.ArrayList,9.4202971E7,1.13084667E8,1636.0,1.22367121E8,4.1276618E7,1618576.5,1863703.5,21169.0,1.12970235E7,2.040565E7,1485647.5,0.0,1.29852778E8,8.74991955E7,1.10392055E7,7497.5,1474235.0,26073.5,7244451.5,6526780.5,3.022843E7,1.01024775E7,19736.0,1350.0,316.5,2136.5,3180.0,4832513.0,2484.5,1.0594872E7,3.99191465E7,9477296.5,26511.0,1.52148385E7,3311345.5,12682.5,3663.0,1253.5,19.0,2.7231565E7,18503.5,4.130319E7,23423.5,2.144835015E8,1.051294685E8,182445.5,5176469.5,5.0713664E7,4.6393573E7,0.0,6403133.0,3.2641246E7,95897.0,271.5,132.5,7.1419985E7,6.2687898E8,0.0,0.0
19:java.util.ArrayList,java.util.ArrayList,8538.0,10745.0,5.0,6705.0,8545.0,1841.0,2205.5,9.0,70.5,51.5,73.0,0.0,12400.5,11922.5,329.0,267.5,195.0,115.5,618.0,569.0,349.0,171.0,195.0,416.0,303.0,12.0,317.0,8.0,7.0,804.0,354.0,429.0,195.0,353.5,4.0,7.5,14.0,14.0,0.0,357.5,202.0,354.0,11.0,20862.0,26219.0,196.5,195.0,19505.0,2769.5,0.0,5353.0,13246.0,3290.0,1.0,4.5,29996.5,58666.0,0.0,0.0
1:java.util.ArrayList,java.util.ArrayList,111106.0,115289.0,93.5,97057.5,111049.0,14018.5,4181.0,14.5,94.5,62.0,132.0,0.0,102241.5,61937.0,431.0,360.0,231.0,152.0,867.0,756.0,492.0,197.0,260.0,913.0,438.0,43.5,448.0,10.0,14.5,1071.0,509.5,583.5,257.0,519.5,5.0,12.0,37.0,40.0,0.0,506.0,266.5,492.5,10.0,164433.5,173635.0,259.0,274.0,87316.0,4011.0,0.0,9203.5,20082.5,4448.5,5.0,7.0,144549.5,547953.5,0.0,0.0
20:java.util.ArrayList,java.util.ArrayList,32576.0,35910.0,41.0,27772.0,32528.5,4800.5,3338.0,11.5,94.0,75.0,94.0,0.0,36078.0,25957.5,393.5,330.5,222.0,138.0,753.5,723.0,436.0,187.0,240.0,432.5,362.0,16.5,376.5,14.0,8.0,965.5,463.0,526.5,242.0,435.0,9.0,8.0,22.5,17.0,0.0,459.0,230.0,451.5,9.0,56519.0,63380.0,111.5,249.5,37308.5,3341.5,0.0,6866.0,16507.5,4166.0,2.0,7.0,59715.5,179415.0,0.0,0.0
216:java.util.LinkedList,java.util.LinkedList,6522.5,8344.0,17.0,5143.0,6516.0,1388.0,1820.5,10.5,73.0,60.0,71.0,0.0,9634.0,10747.5,436.0,319.5,224.0,147.0,799.0,824.0,423.5,192.0,260.0,402.5,372.5,11.5,383.0,10.0,7.0,974.5,457.5,510.0,266.0,451.5,3.0,8.0,17.0,11.0,0.0,430.0,235.0,443.5,7.0,16752.5,21881.0,0.0,240.0,20999.0,2823.0,0.0,5115.0,16255.5,4779.5,1.0,8.0,31658.0,47406.0,0.0,0.0
2253:java.util.LinkedList,java.util.LinkedList,4623.0,6151.0,3.0,3837.0,4632.0,798.0,1525.0,7.0,56.0,32.5,46.0,0.0,7635.0,9020.5,247.0,224.0,148.0,110.0,493.0,561.5,299.0,117.0,200.0,308.0,269.0,6.0,286.5,6.0,7.0,705.0,302.0,327.0,204.0,297.0,2.0,5.0,10.0,6.0,0.0,310.5,181.0,309.0,6.0,12922.0,17045.0,0.0,171.0,16434.0,2138.5,0.0,4120.5,12325.0,3508.0,1.0,6.0,23551.0,35181.0,0.0,0.0
2289:java.util.LinkedList,java.util.LinkedList,4676.0,6309.0,22.0,3934.0,4668.0,752.0,1545.0,7.0,57.5,48.0,54.5,0.0,7967.0,9128.0,246.0,220.5,132.5,121.0,511.5,406.0,336.5,101.0,226.0,283.0,254.5,12.0,284.0,7.0,6.0,629.0,353.0,311.5,224.0,341.5,3.0,5.0,10.0,7.0,0.0,353.5,205.5,349.5,6.0,13212.0,17549.5,0.0,192.0,15189.0,1973.0,0.0,4326.0,12600.5,3554.0,1.0,6.0,24457.0,36500.0,0.0,0.0
246:java.util.LinkedList,java.util.LinkedList,4406.5,5976.0,24.0,3726.0,4397.5,745.0,1412.0,6.0,44.5,32.5,43.0,0.0,7214.5,9193.5,213.0,207.0,119.0,103.0,460.0,385.0,278.0,84.0,192.0,289.0,259.0,6.0,242.0,7.0,5.0,589.5,287.0,311.0,188.0,290.0,2.0,4.0,8.0,7.0,0.0,295.0,170.5,299.0,5.0,12216.5,16083.0,0.0,158.0,14442.0,1885.0,0.0,3859.0,12700.0,3474.5,1.0,10.0,23318.0,33180.5,0.0,0.0
279:java.util.LinkedList,java.util.LinkedList,4806.0,6353.0,12.0,4087.0,4807.0,733.0,1540.5,7.0,60.5,45.5,63.5,0.0,8279.0,9432.0,294.0,237.0,164.5,131.0,572.5,546.0,362.5,134.0,229.0,329.0,287.0,11.0,289.0,7.5,6.0,707.0,372.5,355.0,240.0,385.0,3.0,8.5,13.0,9.0,0.0,371.5,216.0,365.0,8.0,13442.0,17873.0,0.0,211.0,17181.0,2116.5,0.0,4438.0,13506.0,3750.0,1.0,5.0,24861.5,37519.0,0.0,0.0
2:java.util.ArrayList,java.util.ArrayList,67175.0,70221.5,60.0,58702.5,67124.0,8483.0,3045.0,12.0,83.0,68.0,102.0,0.0,63951.5,40137.5,419.5,276.5,205.5,158.0,795.5,683.5,490.5,175.0,275.0,521.0,345.0,28.0,354.5,10.0,11.5,908.5,505.0,472.0,266.0,495.5,6.0,11.5,19.5,37.0,0.0,490.5,270.0,482.5,11.0,101840.5,109592.5,190.0,270.0,60133.5,3374.0,0.0,7718.5,17728.5,4458.0,6.0,4.0,95797.0,338299.5,0.0,0.0
317:java.util.LinkedList,java.util.LinkedList,5210.0,6691.0,7.0,4373.0,5218.5,850.0,1479.0,5.0,35.0,32.0,32.5,0.0,8205.5,9679.5,217.0,236.0,134.5,95.0,479.5,433.0,264.0,102.0,177.0,313.0,267.0,3.5,283.0,7.0,4.0,652.5,271.0,354.5,178.0,271.0,1.0,4.0,6.0,4.0,0.0,276.5,158.5,276.5,4.0,13529.0,17484.0,0.0,154.0,17845.0,2117.0,0.0,3941.0,13949.5,4481.5,1.0,4.0,25798.0,37724.5,0.0,0.0
368:java.util.Vector,java.util.Vector,1.81269337E8,2.23910894E8,1051.0,2.29003276E8,7.6424938E7,3266922.5,5251038.5,377297.5,1.3415513E7,1.42867915E7,651630.5,0.0,2.730691535E8,1.916480425E8,6964042.5,12607.5,238854.5,437568.5,4078809.0,4451835.5,2.0582673E7,7768516.0,325926.0,3033.0,27.0,4659.5,5163.5,6283954.5,100131.0,8585807.0,3.4164277E7,8290353.5,464599.0,6971564.0,2288264.0,209196.0,5174.5,3800.0,244410.5,2.6369412E7,1872845.5,4.0305813E7,426593.0,4.06724867E8,2.103505375E8,4343504.5,2004864.5,9.22892355E7,1.31065343E8,0.0,3.9613885E7,7.3250283E7,398176.0,8327.5,459.5,1.483148605E8,1.244810692E9,0.0,0.0
3:java.util.ArrayList,java.util.ArrayList,57669.5,62174.5,86.0,49332.0,57588.5,8403.0,4604.5,22.0,139.0,97.0,163.0,0.0,60203.0,39351.0,533.0,336.0,287.0,198.0,899.0,811.0,634.0,239.5,342.0,540.0,447.0,49.0,431.0,15.0,19.0,1149.0,651.5,602.5,340.0,649.0,11.0,16.0,33.0,41.0,0.0,645.5,340.0,629.0,18.0,95427.5,105331.5,35.0,344.5,55278.0,4602.0,0.0,9769.0,17462.5,3619.0,5.5,4.0,88708.5,306432.0,0.0,0.0
400:java.util.Vector,java.util.Vector,380152.0,404154.0,4012.5,295890.5,376242.0,84318.5,23738.0,56.5,290.0,152.5,320.5,0.0,404600.0,300586.5,717.0,833.5,322.0,335.0,1518.0,1418.5,1138.5,271.0,560.0,920.5,891.0,85.0,915.5,26.0,36.0,2204.5,1239.5,1126.5,560.0,1166.0,23.0,38.0,76.5,76.0,0.0,1230.5,682.5,1178.0,38.0,528411.5,651386.5,1076.0,620.5,452433.0,88210.5,0.0,123233.0,178523.0,28901.0,5.0,4.0,679139.0,1916171.5,0.0,0.0
411:java.util.Vector,java.util.Vector,55798.0,61132.5,32.0,51292.5,56722.5,5846.0,5073.0,14.0,113.0,64.5,133.5,0.0,64567.5,43225.5,408.0,361.0,231.0,148.0,824.0,757.0,471.5,182.0,263.0,472.0,393.0,29.0,459.0,10.0,10.0,1038.0,506.5,539.0,266.0,466.5,6.0,8.0,37.0,25.5,0.0,523.0,256.5,513.5,13.0,91577.0,104253.5,155.0,251.5,60714.5,2105.5,0.0,12832.5,14959.5,3764.0,2.0,7.0,88285.5,316517.5,0.0,0.0
417:java.util.Vector,java.util.Vector,95283.0,108252.0,47.0,92136.0,94693.0,10238.0,8114.5,9.0,124.0,71.0,153.0,0.0,113318.0,69428.5,361.5,406.0,196.0,133.0,811.0,789.5,444.0,153.0,232.0,503.0,459.0,31.0,468.0,14.0,9.0,1116.5,489.0,573.5,232.0,435.5,9.0,7.0,37.0,39.0,0.0,494.0,225.0,471.5,8.0,165146.0,184607.0,223.0,241.0,96695.0,2274.0,0.0,19503.5,17195.5,4313.5,2.0,8.0,137228.0,568994.0,0.0,0.0
427:java.util.Vector,java.util.Vector,34282.5,37473.0,29.0,29810.0,34251.5,4474.0,3190.5,33.0,164.0,98.5,185.0,0.0,39866.0,31324.0,626.0,378.0,256.0,284.5,1039.0,936.5,770.5,224.0,424.0,471.0,388.5,32.0,434.0,13.0,23.5,1285.5,790.5,588.0,426.0,793.0,15.0,19.0,44.0,32.0,0.0,790.0,427.0,769.0,27.5,60124.0,72608.0,766.0,402.0,47393.0,3709.0,0.0,12480.0,19138.5,5402.5,3.0,6.0,68989.0,199139.5,0.0,0.0
432:java.util.Vector,java.util.Vector,170430.5,185921.5,73.0,153350.5,170418.5,17188.5,15367.5,12.0,124.5,80.0,177.5,0.0,205144.0,126800.5,409.0,453.0,217.0,161.0,908.5,881.0,509.0,174.0,280.0,579.0,487.5,40.0,563.0,12.5,12.0,1192.0,569.0,614.5,278.0,523.5,12.0,9.5,44.0,43.0,0.0,534.5,265.5,525.0,9.0,285873.0,325127.5,156.0,274.5,165917.0,2775.0,0.0,39215.5,23472.0,6823.0,3.0,7.0,240924.5,978007.5,0.0,0.0
453:java.util.Vector,java.util.Vector,67533.5,76659.0,74.5,60075.0,67323.5,7515.5,9103.5,42.0,206.0,133.0,258.5,0.0,90616.5,60403.0,588.0,463.5,297.5,229.0,1090.0,1136.5,756.5,248.0,374.0,587.5,530.0,47.5,565.0,17.0,31.0,1471.0,801.5,765.5,374.0,749.5,21.0,28.0,56.0,50.0,0.0,782.0,406.5,720.5,33.5,128351.0,155723.0,253.5,393.0,81589.0,3758.5,0.0,27251.0,20783.5,5365.5,4.0,9.0,122127.5,423717.0,0.0,0.0
457:java.util.Vector,java.util.Vector,120410.0,131444.0,55.0,107652.0,120370.0,12773.5,11034.0,23.5,167.0,91.0,166.5,0.0,144489.5,89650.5,527.0,386.0,232.0,219.0,920.5,927.0,696.5,192.0,358.0,488.5,421.5,34.5,500.0,15.0,23.5,1206.0,728.5,601.5,364.0,699.0,10.0,21.0,43.5,28.5,0.0,722.0,403.0,696.5,22.0,201940.0,232201.0,845.5,377.5,116158.5,3590.5,0.0,30253.0,17605.0,3787.0,3.0,7.0,172201.0,691475.0,0.0,0.0
461:java.util.Vector,java.util.Vector,88237.0,94134.0,25.0,79045.0,88230.0,9203.0,5894.0,19.5,137.0,82.0,149.0,0.0,98438.5,61609.5,444.0,339.0,232.0,181.0,829.0,876.0,563.0,188.0,302.0,453.0,387.0,22.0,425.0,14.0,15.0,1074.0,591.0,527.0,316.0,548.5,10.0,13.5,23.5,22.0,0.0,577.0,315.0,571.5,15.0,137097.0,151742.0,418.5,294.0,80427.0,2654.0,0.0,14629.0,15352.5,3684.0,3.0,6.0,120874.5,479976.0,0.0,0.0
463:java.util.Vector,java.util.Vector,34926.0,38873.5,31.0,30583.5,35064.0,4464.0,3850.0,35.5,175.5,96.0,162.5,0.0,43907.5,31240.5,521.0,377.0,237.0,234.0,877.5,913.0,712.5,195.0,385.0,437.0,371.0,21.0,399.5,11.0,29.0,1300.0,732.5,638.0,373.0,727.0,8.5,24.5,25.0,22.0,0.0,745.5,422.5,725.0,29.0,62255.5,75819.0,769.5,390.0,43160.0,4058.0,0.0,13557.5,13792.5,3006.5,3.0,4.0,64763.0,210389.5,0.0,0.0
481:java.util.Vector,java.util.Vector,58295.0,65270.0,62.0,52241.0,58295.0,6224.0,7024.0,17.0,143.0,93.0,199.0,0.0,75444.5,49284.5,448.0,479.0,241.0,169.0,973.5,978.0,540.5,194.5,280.0,569.5,493.0,49.0,531.5,12.5,12.0,1347.0,596.5,633.0,280.0,564.0,12.0,14.5,55.0,43.0,0.0,562.0,272.5,531.0,13.0,106211.0,125730.5,164.0,294.0,66898.0,2370.0,0.0,19417.5,17132.5,4591.0,2.0,4.0,100346.0,354486.0,0.0,0.0
483:java.util.Vector,java.util.Vector,20164.0,22349.5,18.0,17819.0,20232.5,2488.0,2042.0,13.5,105.0,82.5,112.0,0.0,23955.0,17901.5,361.0,308.0,189.0,137.0,709.0,649.5,441.0,141.5,238.0,417.0,382.5,23.0,397.5,10.0,8.0,937.0,469.5,485.0,240.0,430.0,8.0,8.0,23.0,21.0,0.0,472.5,234.0,444.5,9.5,34844.0,40568.0,151.0,241.5,27058.0,2930.0,0.0,5770.5,12592.0,3222.5,1.0,6.0,40725.0,116696.0,0.0,0.0
489:java.util.Vector,java.util.Vector,20636.0,22798.5,19.0,18037.5,20624.0,2605.0,2170.0,10.0,96.5,71.0,122.0,0.0,24560.0,19537.5,331.0,356.5,176.0,130.0,665.0,586.5,395.5,143.0,214.0,412.0,397.5,27.0,399.0,8.0,9.5,937.0,450.0,479.5,212.0,399.0,7.0,7.0,30.0,22.0,0.0,401.5,206.0,389.5,8.0,35678.5,41782.0,149.0,222.0,30253.5,2177.5,0.0,5942.5,15736.5,4611.5,2.0,8.0,45497.5,118957.5,0.0,0.0
4:java.util.ArrayList,java.util.ArrayList,46167.0,50432.0,47.0,39052.0,46143.5,7594.0,3988.0,40.0,147.0,92.0,165.5,0.0,48824.5,33228.5,545.5,262.0,248.0,243.0,847.0,747.0,749.0,196.0,391.0,471.0,385.0,33.5,322.5,14.0,27.0,998.0,754.0,497.5,390.0,762.0,11.0,26.0,25.0,30.0,0.0,750.0,432.0,716.0,31.0,78622.0,88758.5,502.0,410.0,48306.0,4687.5,0.0,10145.0,18907.0,4436.0,2.0,5.0,78629.5,250105.0,0.0,0.0
533:java.util.Vector,java.util.Vector,87119.5,96930.0,58.0,77902.5,87501.0,9647.0,9884.5,31.5,228.0,112.5,221.0,0.0,111274.5,71782.0,603.0,515.0,291.0,241.0,1165.0,1074.5,722.0,264.5,355.0,648.0,543.5,47.0,699.5,18.5,24.0,1496.0,748.5,795.0,354.0,715.5,16.0,27.0,56.5,51.5,0.0,767.0,396.5,746.5,25.5,156169.0,184866.0,685.5,383.0,93707.0,3419.5,0.0,28644.0,20029.5,5239.0,4.0,7.0,140945.5,526027.0,0.0,0.0
534:java.util.Vector,java.util.Vector,635907.5,669127.0,237.0,572731.5,635694.5,63179.0,33206.0,17.0,222.5,125.5,283.0,0.0,684352.5,400102.0,515.0,644.5,243.0,217.0,1178.0,1108.5,728.5,199.5,330.0,701.5,602.0,75.5,644.5,18.0,15.0,1598.5,808.5,851.0,328.0,699.0,20.0,18.0,100.0,77.0,0.0,720.0,327.5,712.5,15.5,944890.0,1012235.5,497.0,358.0,502855.5,3574.0,0.0,67294.5,24867.0,5632.0,5.0,8.0,729349.0,3355080.5,0.0,0.0
537:java.util.Vector,java.util.Vector,189103.5,208578.0,162.5,168304.0,189013.0,21115.5,19561.0,163.5,515.0,162.0,534.5,0.0,234285.5,144771.5,964.5,521.5,358.0,491.5,1492.0,1329.0,1470.0,314.0,658.0,571.0,475.5,74.5,570.5,26.5,113.0,1708.5,1568.0,782.0,676.0,1493.0,23.0,100.5,85.0,82.0,0.0,1546.0,902.5,1475.0,111.5,327150.0,384628.0,1334.0,706.0,193473.0,7732.0,0.0,57107.0,27474.0,5835.5,10.0,7.0,281654.5,1112826.5,0.0,0.0
541:java.util.Vector,java.util.Vector,73738.5,84257.5,41.0,65723.0,73712.0,7800.5,10531.0,14.0,131.0,82.0,179.0,0.0,102857.0,66007.0,417.5,456.5,212.0,166.0,936.5,825.0,519.0,167.0,264.0,536.5,481.5,34.0,529.0,13.5,11.0,1264.0,571.5,632.0,258.0,511.5,14.0,9.5,43.0,38.0,0.0,504.0,252.0,493.5,11.0,143804.5,178593.5,219.0,278.0,87565.0,2978.0,0.0,34786.5,15734.0,3816.5,3.0,5.0,127391.5,472736.5,0.0,0.0
552:java.util.Vector,java.util.Vector,25263.0,27539.0,54.0,22201.0,25237.0,3057.5,2283.0,7.0,83.5,57.0,102.5,0.0,28897.0,23025.0,333.0,408.5,169.0,140.0,766.5,730.5,422.0,135.5,257.0,567.0,418.0,15.5,459.0,8.0,7.0,1024.0,437.0,523.0,258.0,410.0,6.0,5.0,23.5,20.0,0.0,436.0,226.0,430.5,6.0,42581.5,50135.5,0.0,232.0,35109.0,2082.5,0.0,7592.0,15403.5,4364.5,2.0,4.5,50876.5,142518.0,0.0,0.0
553:java.util.Vector,java.util.Vector,112025.0,119346.0,44.0,100176.0,111988.0,11858.0,7321.0,21.0,159.5,90.0,172.0,0.0,124552.0,77838.0,454.0,413.5,209.5,196.0,934.5,871.0,608.5,158.0,316.0,461.0,439.5,34.0,447.0,14.5,16.5,1156.5,651.5,572.5,317.0,588.0,8.0,15.0,50.5,36.5,0.0,676.0,318.0,649.0,19.0,174058.0,192586.5,546.5,327.0,103750.0,2874.0,0.0,18506.0,17530.5,4683.0,2.0,10.0,150889.5,608360.0,0.0,0.0
5:java.util.ArrayList,java.util.ArrayList,48740.5,50957.0,51.0,39635.0,43917.0,6587.0,3957.5,18.0,105.5,76.5,134.5,0.0,46574.0,37456.0,470.0,319.0,260.0,181.0,808.5,718.5,559.5,226.0,309.0,402.0,322.5,28.0,354.0,10.5,16.0,1043.0,586.0,553.0,312.0,552.5,6.0,18.0,25.0,30.0,0.0,559.5,311.0,564.0,16.0,77494.0,85016.5,45.0,315.0,49592.5,3809.0,0.0,8179.5,20053.5,5305.0,3.0,5.0,80865.0,250771.0,0.0,0.0
6:java.util.ArrayList,java.util.ArrayList,39768.0,42506.0,33.0,34896.0,38251.5,5790.5,3026.0,26.5,153.5,105.0,166.5,0.0,42458.5,30774.0,505.0,306.0,260.5,200.0,872.0,775.5,625.5,220.5,318.0,474.5,353.0,30.0,409.5,16.0,19.0,1119.0,644.5,568.0,314.0,644.0,11.0,20.0,26.5,30.0,0.0,651.5,341.0,652.5,20.0,63094.5,72484.5,470.0,355.0,41624.5,3860.0,0.0,7990.0,17799.5,4481.0,3.0,5.0,68753.5,213607.5,0.0,0.0
7:java.util.ArrayList,java.util.ArrayList,83417.0,86440.0,84.0,73003.0,83345.5,10409.5,3096.0,15.0,100.0,79.0,121.0,0.0,77467.5,48290.0,433.0,304.0,235.0,158.0,790.5,715.0,503.5,195.0,266.0,448.5,346.0,22.0,362.0,10.0,12.0,1014.5,542.0,539.0,258.0,519.5,6.0,14.0,22.0,22.0,0.0,537.0,283.0,500.5,14.5,121917.0,129052.5,259.0,274.0,67313.0,3502.0,0.0,7176.5,18797.0,4331.5,2.0,7.0,111134.5,411529.0,0.0,0.0
82:java.util.LinkedList,java.util.LinkedList,7560.5,9487.5,27.5,5838.0,7539.5,1727.0,1924.5,9.0,87.0,64.0,85.0,0.0,10593.0,12400.0,393.0,327.0,223.0,145.0,782.5,824.5,426.0,174.0,260.0,449.5,396.0,18.0,424.0,9.0,6.0,1032.0,446.0,557.0,262.0,431.5,4.0,5.5,19.0,18.0,0.0,431.0,235.5,451.0,8.5,18619.5,23950.0,0.0,234.0,24319.0,3686.5,0.0,5329.0,18911.5,5670.0,6.0,7.0,36653.0,53158.0,0.0,0.0
8:java.util.ArrayList,java.util.ArrayList,668566.5,677700.5,410.5,590805.0,667875.0,76557.5,9532.5,90.5,411.0,161.0,430.0,0.0,585172.5,334637.5,912.0,516.5,384.0,419.0,1438.5,1302.0,1282.5,331.0,587.0,629.5,434.5,105.5,537.5,24.0,52.0,1850.5,1451.0,886.0,591.0,1302.0,19.0,55.0,115.0,120.0,0.0,1361.0,737.0,1268.5,61.5,906485.5,927110.5,1609.5,667.5,458035.5,9699.0,0.0,19782.0,46581.5,6560.5,21.0,5.0,719872.0,3152284.0,0.0,0.0
943:java.util.LinkedList,java.util.LinkedList,5530.0,6953.0,25.0,4504.0,5520.0,1045.0,1423.5,9.0,73.5,44.0,68.0,0.0,8464.0,10384.5,315.0,294.5,161.5,118.5,625.0,522.5,344.5,131.5,218.0,363.0,344.0,11.0,331.0,8.0,7.0,780.0,361.5,418.5,217.0,339.5,3.0,6.0,13.0,14.0,0.0,360.0,198.0,357.0,6.0,13846.5,18076.5,0.0,189.5,19754.0,2297.0,0.0,4233.5,16200.0,5055.5,2.0,7.0,29817.5,39596.0,0.0,0.0
9:java.util.ArrayList,java.util.ArrayList,2.23469034E8,2.628386425E8,564.0,3.02629795E8,9.374281E7,2611220.0,1543202.5,8655.5,685165.5,1443556.0,98052.5,0.0,2.833155095E8,1.63183134E8,797439.0,7752.5,95040.5,10836.5,569511.5,479737.5,2382951.0,692185.0,8352.0,1502.5,390.0,2255.5,3187.5,313688.0,1149.5,735093.5,3096846.5,671980.5,10633.0,1162245.5,169359.5,2663.0,3468.5,1196.0,20.0,2472093.5,9527.5,3530226.0,10132.5,4.55998471E8,2.114692345E8,62444.5,202498.5,7.35154655E7,5326439.0,0.0,5991093.5,7995193.5,145306.0,179.0,133.5,1.117860195E8,1.419518923E9,0.0,0.0